Super Formula Light @ Imola - Corners 16, 17, & 1
InputTorque60Hz,InputTorque500Hz
5.58257,5.58098
5.7299023,5.5021057
5.7299023,5.545626
5.7299023,5.603371
5.7299023,5.6268325
5.7299023,5.5660367
5.7299023,5.560651
5.7299023,5.625169
5.7299023,5.7323704
6.701968,6.097779
6.701968,6.235425
6.701968,6.308554
6.701968,6.365123
6.701968,6.4732604
6.701968,6.5972013
6.701968,6.6805553
6.701968,6.7027817
6.701968,6.703007
6.267702,6.65204
6.267702,6.6428
6.267702,6.6137695
6.267702,6.563828
6.267702,6.4958963
6.267702,6.4248476
6.267702,6.343334
6.267702,6.265317
5.311101,5.897505
5.311101,5.7142596
5.311101,5.6236787
5.311101,5.6053944
5.311101,5.624389
5.311101,5.592044
5.311101,5.4745555
5.311101,5.3066974
5.1501207,5.0883074
5.1501207,5.0328674
5.1501207,5.000282
5.1501207,4.9806232
5.1501207,4.979359
5.1501207,5.0374694
5.1501207,5.1048846
5.1501207,5.151639
5.1501207,5.1517267
4.7376013,5.283924
4.7376013,5.2628126
4.7376013,5.1561594
4.7376013,4.9918175
4.7376013,4.8018084
4.7376013,4.6924663
4.7376013,4.678804
4.7376013,4.738723
5.4718595,4.8879933
5.4718595,4.933816
5.4718595,4.956777
5.4718595,4.9942627
5.4718595,5.091937
5.4718595,5.2312913
5.4718595,5.372111
5.4718595,5.4746246
5.7387605,5.659734
5.7387605,5.6916904
5.7387605,5.649646
5.7387605,5.582949
5.7387605,5.558317
5.7387605,5.5962105
5.7387605,5.668352
5.7387605,5.7405896
5.7387605,5.74107
5.8819456,5.7884593
5.8819456,5.9208584
5.8819456,6.000271
5.8819456,6.0079083
5.8819456,5.954547
5.8819456,5.883328
5.8819456,5.8569984
5.8819456,5.8824577
5.3203487,5.817413
5.3203487,5.851714
5.3203487,5.873406
5.3203487,5.847315
5.3203487,5.7507486
5.3203487,5.611477
5.3203487,5.453372
5.3203487,5.316519
5.3203487,5.315848
4.3901415,5.0392895
4.3901415,4.9127326
4.3901415,4.842271
4.3901415,4.8040543
4.3901415,4.74396
4.3901415,4.63641
4.3901415,4.5057154
4.3901415,4.387909
3.8068857,4.2230864
3.8068857,3.921367
3.8068857,3.6744902
3.8068857,3.5456276
3.8068857,3.5581155
3.8068857,3.634841
3.8068857,3.7332077
3.8068857,3.8089404
3.7862377,3.743097
3.7862377,3.66141
3.7862377,3.6356149
3.7862377,3.6679652
3.7862377,3.7303147
3.7862377,3.7729502
3.7862377,3.790953
3.7862377,3.786217
3.7862377,3.7862084
2.0584311,3.603204
2.0584311,3.3624568
2.0584311,3.039414
2.0584311,2.6889756
2.0584311,2.4108694
2.0584311,2.2597022
2.0584311,2.151169
2.0584311,2.0559394
1.9847823,2.0470057
1.9847823,2.0031803
1.9847823,1.9350321
1.9847823,1.8688627
1.9847823,1.8420131
1.9847823,1.8278687
1.9847823,1.8810141
1.9847823,1.9877683
3.0924928,2.5429878
3.0924928,2.8530118
3.0924928,3.0177484
3.0924928,3.071165
3.0924928,3.077933
3.0924928,3.14219
3.0924928,3.1523783
3.0924928,3.0910852
3.0924928,3.091027
2.701453,3.025115
2.701453,3.0219507
2.701453,3.0219548
2.701453,3.0068402
2.701453,2.9613442
2.701453,2.8919492
2.701453,2.7968771
2.701453,2.6991644
2.162805,2.419928
2.162805,2.197943
2.162805,1.9219346
2.162805,1.6668717
2.162805,1.5155662
2.162805,1.6111741
2.162805,1.8737186
2.162805,2.1751935
1.5951117,2.3766377
1.5951117,2.3302548
1.5951117,2.203337
1.5951117,2.0315855
1.5951117,1.8335446
1.5951117,1.6944344
1.5951117,1.6158458
1.5951117,1.5943393
1.3798188,1.6725276
1.3798188,1.641035
1.3798188,1.6014954
1.3798188,1.5663335
1.3798188,1.5335842
1.3798188,1.4806972
1.3798188,1.4234871
1.3798188,1.3786998
1.3798188,1.378281
1.5197976,1.3882494
1.5197976,1.4291592
1.5197976,1.5017458
1.5197976,1.577146
1.5197976,1.6089518
1.5197976,1.6018311
1.5197976,1.5646348
1.5197976,1.5185567
1.8274721,1.5125068
1.8274721,1.4343362
1.8274721,1.327557
1.8274721,1.2599336
1.8274721,1.3193774
1.8274721,1.4728101
1.8274721,1.6635665
1.8274721,1.8302854
1.2384295,1.8503233
1.2384295,1.7144554
1.2384295,1.5431893
1.2384295,1.3907835
1.2384295,1.3163227
1.2384295,1.2609909
1.2384295,1.236462
1.2384295,1.2383562
1.2384295,1.2383459
1.112585,1.2142488
1.112585,1.2128685
1.112585,1.1713845
1.112585,1.1129738
1.112585,1.0853642
1.112585,1.0738044
1.112585,1.0858712
1.112585,1.113216
0.55968684,1.193685
0.55968684,1.2654262
0.55968684,1.2648158
0.55968684,1.1840076
0.55968684,1.0415345
0.55968684,0.86200315
0.55968684,0.68403065
0.55968684,0.55650127
0.961921,0.4954098
0.961921,0.5266968
0.961921,0.55290234
0.961921,0.5669274
0.961921,0.5807743
0.961921,0.6391691
0.961921,0.7808848
0.961921,0.96626735
0.961921,0.96593195
0.59229976,1.2850081
0.59229976,1.4612426
0.59229976,1.5911018
0.59229976,1.6287261
0.59229976,1.5031077
0.59229976,1.2308855
0.59229976,0.8868388
0.59229976,0.5838166
-0.01039782,0.09298997
-0.01039782,-0.020784661
-0.01039782,-0.0074428115
-0.01039782,0.072800145
-0.01039782,0.15144008
-0.01039782,0.19870529
-0.01039782,0.13665375
-0.01039782,-0.013715203
-0.01039782,-0.014836516
0.23149206,-0.24276075
0.23149206,-0.42829606
0.23149206,-0.57426566
0.23149206,-0.60597676
0.23149206,-0.4940275
0.23149206,-0.31001276
0.23149206,-0.05057998
0.23149206,0.22129352
0.4034231,0.52446026
0.4034231,0.48753855
0.4034231,0.34097993
0.4034231,0.17699456
0.4034231,0.11143984
0.4034231,0.17857641
0.4034231,0.3019608
0.4034231,0.4063644
0.59267175,0.32953808
0.59267175,0.2185586
0.59267175,0.096984126
0.59267175,0.016093684
0.59267175,0.038955435
0.59267175,0.19743273
0.59267175,0.4098163
0.59267175,0.5976717
0.0059245527,0.6705028
0.0059245527,0.6708013
0.0059245527,0.6425208
0.0059245527,0.5837266
0.0059245527,0.48541453
0.0059245527,0.30706507
0.0059245527,0.12709524
0.0059245527,0.0031820317
0.0059245527,0.0018598698
-0.024885753,-0.081691734
-0.024885753,-0.026035609
-0.024885753,0.057611108
-0.024885753,0.11270125
-0.024885753,0.068123594
-0.024885753,-0.035488613
-0.024885753,-0.07458181
-0.024885753,-0.023858955
-0.024885753,-0.023681514
0.545064,0.1959436
0.545064,0.27102396
0.545064,0.33046383
0.545064,0.4169837
0.545064,0.5863044
0.545064,0.6715216
0.545064,0.6458126
-0.46797246,0.5405246
-0.46797246,0.4878951
-0.46797246,0.4021209
-0.46797246,0.27974105
-0.46797246,0.11981577
-0.46797246,-0.08120204
-0.46797246,-0.29002315
-0.46797246,-0.47301707
-0.46797246,-0.47420987
-0.15982181,-0.6521036
-0.15982181,-0.7576082
-0.15982181,-0.8382981
-0.15982181,-0.85231286
-0.15982181,-0.7376552
-0.15982181,-0.5288948
-0.15982181,-0.31030136
-0.15982181,-0.15573499
-0.6326943,0.03536458
-0.6326943,-0.0014816932
-0.6326943,-0.14204897
-0.6326943,-0.3326355
-0.6326943,-0.50689405
-0.6326943,-0.56324697
-0.6326943,-0.5953135
-0.6326943,-0.63367033
-1.1227118,-0.6955971
-1.1227118,-0.7495333
-1.1227118,-0.81493354
-1.1227118,-0.8808005
-1.1227118,-0.9305176
-1.1227118,-0.9802869
-1.1227118,-1.0478532
-1.1227118,-1.1246675
0.42522782,-1.0364481
0.42522782,-0.9235462
0.42522782,-0.7334862
0.42522782,-0.46659145
0.42522782,-0.15128282
0.42522782,0.13013646
0.42522782,0.32994345
0.42522782,0.43210962
-1.0725983,0.21946283
-1.0725983,-0.09338093
-1.0725983,-0.41273963
-1.0725983,-0.7105236
-1.0725983,-0.94149894
-1.0725983,-1.0790235
-1.0725983,-1.1125339
-1.0725983,-1.0717905
0.23095125,-0.89122427
0.23095125,-0.64787143
0.23095125,-0.41020775
0.23095125,-0.25346452
0.23095125,-0.26360685
0.23095125,-0.21717054
0.23095125,-0.03467477
0.23095125,0.23825932
0.23095125,0.23933049
2.6007307,0.91948205
2.6007307,1.5342287
2.6007307,2.0861225
2.6007307,2.4963222
2.6007307,2.7028847
2.6007307,2.7463098
2.6007307,2.6889372
2.6007307,2.5979555
0.44944906,2.2422352
0.44944906,2.0247157
0.44944906,1.7674763
0.44944906,1.4641097
0.44944906,1.1239253
0.44944906,0.83329606
0.44944906,0.6013484
0.44944906,0.44874617
0.44944906,0.44527093
0.9560486,0.08940906
0.9560486,0.14927498
0.9560486,0.32608584
0.9560486,0.5551324
0.9560486,0.78038675
0.9560486,0.9467212
0.9560486,1.0010043
0.9560486,0.9546949
0.70514166,0.9009113
0.70514166,0.8191321
0.70514166,0.7520614
0.70514166,0.72434217
0.70514166,0.75845766
0.70514166,0.81038266
0.70514166,0.79302096
0.70514166,0.70299506
-1.2301607,0.16799667
-1.2301607,-0.30578664
-1.2301607,-0.7389081
-1.2301607,-1.0911139
-1.2301607,-1.3324556
-1.2301607,-1.4420233
-1.2301607,-1.3873252
-1.2301607,-1.2262337
-1.2301607,-1.2255619
0.026381489,-0.8242946
0.026381489,-0.4589134
0.026381489,-0.16683684
0.026381489,0.0081811175
0.026381489,0.08144366
0.026381489,0.054570414
0.026381489,0.022927273
0.026381489,0.026322704
-0.73822534,0.13444273
-0.73822534,-0.013157636
-0.73822534,-0.18238573
-0.73822534,-0.3362918
-0.73822534,-0.47686067
-0.73822534,-0.6052457
-0.73822534,-0.6963064
-0.73822534,-0.74239016
-0.39876387,-0.7715243
-0.39876387,-0.54636306
-0.39876387,-0.2455989
-0.39876387,-0.003412321
-0.39876387,0.05427137
-0.39876387,-0.05743718
-0.39876387,-0.23981702
-0.39876387,-0.40283602
-0.20999013,-0.46201646
-0.20999013,-0.33886462
-0.20999013,-0.15341406
-0.20999013,0.064143166
-0.20999013,0.3022139
-0.20999013,0.31415284
-0.20999013,0.0958237
-0.20999013,-0.22105655
-0.20999013,-0.21962664
-0.5103991,-0.48917612
-0.5103991,-0.6587066
-0.5103991,-0.76128834
-0.5103991,-0.77486765
-0.5103991,-0.6850804
-0.5103991,-0.57625145
-0.5103991,-0.51264876
-0.5103991,-0.51012343
-0.2947114,-0.4163606
-0.2947114,-0.5309793
-0.2947114,-0.73490804
-0.2947114,-0.9200018
-0.2947114,-0.94731224
-0.2947114,-0.8157732
-0.2947114,-0.56512535
-0.2947114,-0.2873676
-0.52000356,0.17565341
-0.52000356,0.38745105
-0.52000356,0.37603715
-0.52000356,0.1844481
-0.52000356,-0.095582664
-0.52000356,-0.28326514
-0.52000356,-0.42566666
-0.52000356,-0.52371097
-0.52000356,-0.52341497
-0.52000356,-0.52000356
-0.2831768,-0.54950285
-0.2831768,-0.56493235
-0.2831768,-0.48379245
-0.2831768,-0.31754932
-0.2831768,-0.11344554
-0.2831768,0.004681444
-0.2831768,-0.06698582
-0.3299351,-0.6387226
-0.3299351,-0.8454957
-0.3299351,-0.9395071
-0.3299351,-0.9305304
-0.3299351,-0.8615295
-0.3299351,-0.7176333
-0.3299351,-0.51558745
-0.3299351,-0.32555762
-0.3299351,-0.32360592
0.53454745,-0.055347644
0.53454745,0.10356678
0.53454745,0.25406092
0.53454745,0.3606062
0.53454745,0.36399654
0.53454745,0.38806584
0.53454745,0.45089203
0.53454745,0.53686994
0.07929845,0.8531094
0.07929845,1.0191567
0.07929845,1.0568284
0.07929845,0.95553654
0.07929845,0.72193384
0.07929845,0.437149
0.07929845,0.20279376
0.07929845,0.07537592
-0.21511926,-0.010570971
-0.21511926,-0.12190977
-0.21511926,-0.22387962
-0.21511926,-0.2991385
-0.21511926,-0.28985852
-0.21511926,-0.25956157
-0.21511926,-0.230088
-0.21511926,-0.21474718
0.6009029,-0.24531722
0.6009029,-0.22897103
0.6009029,-0.17386813
0.6009029,-0.066579394
0.6009029,0.11171447
0.6009029,0.28885928
0.6009029,0.46365786
0.6009029,0.6047676
0.6009029,0.6057061
0.3313702,0.63122237
0.3313702,0.551742
0.3313702,0.42266816
0.3313702,0.2993275
0.3313702,0.25158796
0.3313702,0.2564571
0.3313702,0.29144457
0.3313702,0.33230615
1.5747743,0.29333898
1.5747743,0.42620772
1.5747743,0.6279713
1.5747743,0.85221344
1.5747743,1.0642967
1.5747743,1.2412249
1.5747743,1.4189168
1.5747743,1.5787779
2.369607,1.8103188
2.369607,2.05742
2.369607,2.3423948
2.369607,2.6115239
2.369607,2.8045118
2.369607,2.7759929
2.369607,2.5933783
2.369607,2.3636758
2.369607,2.3627279
1.9938214,1.8192983
1.9938214,1.6703188
1.9938214,1.7052295
1.9938214,1.8630513
1.9938214,2.0641541
1.9938214,2.1772747
1.9938214,2.1405199
1.9938214,1.9902076
1.9938214,1.9901549
1.7124455,1.4438913
1.7124455,1.3381599
1.7124455,1.4740423
1.7124455,1.752108
1.7124455,2.0178792
1.7124455,2.0887778
1.7124455,1.9563671
1.7124455,1.70716
0.6480584,1.4097322
0.6480584,1.3072932
0.6480584,1.2468507
0.6480584,1.207671
0.6480584,1.1599001
0.6480584,1.0467359
0.6480584,0.8555224
0.6480584,0.6398976
0.39152974,0.4399968
0.39152974,0.3861455
0.39152974,0.33337754
0.39152974,0.26950225
0.39152974,0.19750772
0.39152974,0.20969924
0.39152974,0.28887483
0.39152974,0.39429617
1.1454057,0.78230983
1.1454057,1.0757221
1.1454057,1.2850922
1.1454057,1.3719395
1.1454057,1.3471485
1.1454057,1.2891898
1.1454057,1.2135737
1.1454057,1.1447077
0.32796103,0.9316159
0.32796103,0.80292916
0.32796103,0.69095135
0.32796103,0.61154175
0.32796103,0.5844961
0.32796103,0.5263513
0.32796103,0.42941818
0.32796103,0.32535213
0.32796103,0.32639223
-0.12987958,0.28623942
-0.12987958,0.36760682
-0.12987958,0.43140128
-0.12987958,0.4245878
-0.12987958,0.31020755
-0.12987958,0.15190235
-0.12987958,-0.008867636
-0.12987958,-0.13359189
-0.59901977,-0.1442753
-0.59901977,-0.17748621
-0.59901977,-0.23389643
-0.59901977,-0.31207877
-0.59901977,-0.41041663
-0.59901977,-0.47658294
-0.59901977,-0.5399758
-0.59901977,-0.6008126
-0.59901977,-0.6009834
-0.50305265,-0.4726101
-0.50305265,-0.48748967
-0.50305265,-0.56017834
-0.50305265,-0.67247087
-0.50305265,-0.81040615
-0.50305265,-0.8433106
-0.50305265,-0.7211713
-0.50305265,-0.48659438
-0.39806938,-0.16241787
-0.39806938,-0.06673948
-0.39806938,-0.051263463
-0.39806938,-0.09232414
-0.39806938,-0.16883354
-0.39806938,-0.23985225
-0.39806938,-0.32285625
-0.39806938,-0.40478802
-0.7451304,-0.5865921
-0.7451304,-0.71396804
-0.7451304,-0.7940771
-0.7451304,-0.83607095
-0.7451304,-0.8700099
-0.7451304,-0.8827794
-0.7451304,-0.835618
-0.7451304,-0.7431492
0.23240377,-0.52115977
0.23240377,-0.33872452
0.23240377,-0.16233175
0.23240377,0.0047113746
0.23240377,0.13819048
0.23240377,0.15085045
0.23240377,0.17079781
0.23240377,0.23415618
0.23240377,0.23428893
1.7007104,0.8961671
1.7007104,1.3996328
1.7007104,1.831876
1.7007104,2.136415
1.7007104,2.2331429
1.7007104,2.1565652
1.7007104,1.9429005
1.6212537,1.3364482
1.6212537,1.1083782
1.6212537,0.89094377
1.6212537,0.84428954
1.6212537,0.92863387
1.6212537,1.13095
1.6212537,1.4382861
1.6212537,1.650844
1.6212537,1.6215421
3.5782702,2.0869017
3.5782702,2.4561844
3.5782702,2.7651167
3.5782702,2.988633
3.5782702,3.148126
3.5782702,3.3065765
3.5782702,3.4639018
3.5782702,3.581501
3.2249696,3.4643297
3.2249696,3.360461
3.2249696,3.2855291
3.2249696,3.2298667
3.2249696,3.176559
3.2249696,3.155986
3.2249696,3.1780753
3.2249696,3.2261496
2.2244923,3.0282853
2.2244923,2.9038687
2.2244923,2.7448387
2.2244923,2.5921562
2.2244923,2.518581
2.2244923,2.4712844
2.2244923,2.365834
2.2244923,2.220975
1.3585737,1.9773648
1.3585737,1.8564978
1.3585737,1.7444489
1.3585737,1.6308483
1.3585737,1.5002882
1.3585737,1.4142227
1.3585737,1.3645524
1.3585737,1.3581108
1.3585737,1.3581465
0.5661349,1.5301011
0.5661349,1.4837846
0.5661349,1.329039
0.5661349,1.100058
0.5661349,0.8602259
0.5661349,0.6609351
0.5661349,0.5642862
0.5661349,0.5657243
1.1748341,0.6766375
1.1748341,0.85919553
1.1748341,1.0507815
1.1748341,1.1980135
1.1748341,1.2450382
1.1748341,1.2360321
1.1748341,1.2041681
1.1748341,1.1742477
1.338164,1.0378218
1.338164,0.9734654
1.338164,0.9566219
1.338164,0.9682035
1.338164,0.9752899
1.338164,1.0292721
1.338164,1.1636866
1.338164,1.3437325
1.338164,1.3438016
1.9744633,1.5277866
1.9744633,1.6624414
1.9744633,1.7846217
1.9744633,1.8765447
1.9744633,1.9182204
1.9744633,1.9330872
1.9744633,1.9498862
1.9744633,1.9750913
2.8538492,2.0078022
2.8538492,2.1041713
2.8538492,2.2347047
2.8538492,2.3754237
2.8538492,2.5103102
2.8538492,2.6110752
2.8538492,2.7262855
2.8538492,2.8552034
3.2457502,2.8660972
3.2457502,2.9789808
3.2457502,3.1185458
3.2457502,3.247258
3.2457502,3.3474905
3.2457502,3.3415005
3.2457502,3.2948813
3.2457502,3.2444143
3.2457502,3.2442048
2.5188127,2.9058492
2.5188127,2.8622823
2.5188127,2.9022918
2.5188127,2.9512944
2.5188127,2.9249072
2.5188127,2.8191936
2.5188127,2.6656737
2.5188127,2.514452
1.3440152,2.2420287
1.3440152,2.0570848
1.3440152,1.8760448
1.3440152,1.7025642
1.3440152,1.5460014
1.3440152,1.4437835
1.3440152,1.3793961
1.3440152,1.3429146
1.3440152,1.3426727
0.2638446,1.1815865
0.2638446,1.0301429
0.2638446,0.8556466
0.2638446,0.67933697
0.2638446,0.51157635
0.2638446,0.40934262
0.2638446,0.32886538
0.2638446,0.26194292
0.13249765,0.47882837
0.13249765,0.52119887
0.13249765,0.5063748
0.13249765,0.45094514
0.13249765,0.37174168
0.13249765,0.28662825
0.13249765,0.19964115
0.13249765,0.13058154
-0.23730308,0.15607572
-0.23730308,0.118108235
-0.23730308,0.08098486
-0.23730308,0.041451346
-0.23730308,-0.020864567
-0.23730308,-0.09654547
-0.23730308,-0.17535889
-0.23730308,-0.23883832
0.2144316,-0.088727795
0.2144316,-0.07225668
0.2144316,-0.09856209
0.2144316,-0.13354044
0.2144316,-0.13557799
0.2144316,-0.077825144
0.2144316,0.056110572
0.2144316,0.21839884
0.2144316,0.21957244
0.99376655,0.803199
0.99376655,0.9474596
0.99376655,0.9755969
0.99376655,0.97568256
0.99376655,1.0266314
0.99376655,1.0230387
0.99376655,1.0050342
0.99376655,0.9933882
0.24500613,1.1632453
0.24500613,1.201212
0.24500613,1.1581221
0.24500613,1.0357398
0.24500613,0.84097755
0.24500613,0.54827136
0.24500613,0.32593146
0.24500613,0.24217257
1.6695399,0.66017133
1.6695399,1.0381559
1.6695399,1.3686552
1.6695399,1.5971969
1.6695399,1.6657319
1.6695399,1.6863447
1.6695399,1.6811101
1.6695399,1.6692212
1.6695399,1.6692086
2.006694,1.7449647
2.006694,1.7205513
2.006694,1.6899307
2.006694,1.6841679
2.006694,1.7314335
2.006694,1.8395731
2.006694,1.9451438
2.006694,2.0082488
1.157709,1.7273376
1.157709,1.5843382
1.157709,1.4563725
1.157709,1.3307464
1.157709,1.1925092
1.157709,1.1079035
1.157709,1.1001531
1.157709,1.1588925
1.5228894,1.4202194
1.5228894,1.6357946
1.5228894,1.8170807
1.5228894,1.922492
1.5228894,1.8980808
1.5228894,1.7302235
1.5228894,1.5746471
1.5228894,1.5211151
1.5228894,1.5222372
2.4483836,1.6589887
2.4483836,1.7877481
2.4483836,1.9253376
2.4483836,2.0681632
2.4483836,2.2090771
2.4483836,2.3055103
2.4483836,2.384988
2.4483836,2.4543464
2.0848298,2.31566
2.0848298,2.2771263
2.0848298,2.2866414
2.0848298,2.3181634
2.0848298,2.333003
2.0848298,2.269979
2.0848298,2.1723583
2.0848298,2.082279
2.0848298,2.0835023
1.5291622,1.7877738
1.5291622,1.7565786
1.5291622,1.7514906
1.5291622,1.7652776
1.5291622,1.8270723
1.5291622,1.8016071
1.5291622,1.6849562
1.5291622,1.5254658
2.043103,1.4247276
2.043103,1.4137758
2.043103,1.436735
2.043103,1.5044547
2.043103,1.6456844
2.043103,1.8070021
2.043103,1.9537283
2.043103,2.0509217
1.7880957,2.1513157
1.7880957,2.1219897
1.7880957,2.0080876
1.7880957,1.8702163
1.7880957,1.7888159
1.7880957,1.7968093
1.7880957,1.8069474
1.7880957,1.7876949
1.0079894,1.6048145
1.0079894,1.6147298
1.0079894,1.624625
1.0079894,1.5877872
1.0079894,1.4567857
1.0079894,1.3238586
1.0079894,1.155315
1.0079894,1.0040077
1.0079894,1.0030255
1.0079894,1.0079894
1.384361,0.7796924
1.384361,0.71519905
1.384361,0.69002885
1.384361,0.71902657
1.384361,0.83742297
1.384361,1.0363762
1.384361,1.2297537
1.7225593,1.7057593
1.7225593,1.7627242
1.7225593,1.7094655
1.7225593,1.5952501
1.7225593,1.4819568
1.7225593,1.4978371
1.7225593,1.5989455
1.7225593,1.7259191
1.7225593,1.7239256
1.5350789,1.7630666
1.5350789,1.7505033
1.5350789,1.7344724
1.5350789,1.7021267
1.5350789,1.6243927
1.5350789,1.5906911
1.5350789,1.5629408
0.9731337,1.4807602
0.9731337,1.4245402
0.9731337,1.3609823
0.9731337,1.30419
0.9731337,1.2704707
0.9731337,1.188547
0.9731337,1.0781372
0.9731337,0.9705572
1.3245823,1.0783775
1.3245823,1.1514667
1.3245823,1.2253448
1.3245823,1.2678541
1.3245823,1.2315603
1.3245823,1.2001953
1.3245823,1.2340877
1.3245823,1.3267924
1.3245823,1.3245823
1.0623925,1.3301213
1.0623925,1.3404708
1.0623925,1.2663093
1.0623925,1.1039442
1.0623925,0.95100874
1.0623925,0.8912986
1.0623925,0.9446684
1.0623925,1.0655297
1.0623925,1.065897
2.3833728,1.1559278
2.3833728,1.3553956
2.3833728,1.6311815
2.3833728,1.924872
2.3833728,2.1707146
2.3833728,2.3322191
2.3833728,2.397444
2.4358606,2.337775
2.4358606,2.2660253
2.4358606,2.2303863
2.4358606,2.2551472
2.4358606,2.345356
2.4358606,2.4215784
2.4358606,2.4514766
2.4358606,2.4356391
2.4358606,2.4356992
0.98078287,2.1421082
0.98078287,1.887879
0.98078287,1.6472805
0.98078287,1.4312944
0.98078287,1.2012421
0.98078287,1.0174247
0.98078287,0.94446623
0.98078287,0.98129344
1.6279533,1.072151
1.6279533,1.2677745
1.6279533,1.4597768
1.6279533,1.6308601
1.6279533,1.7852061
1.6279533,1.8364775
1.6279533,1.7657914
1.6279533,1.6248577
1.6279533,1.626534
0.3181847,1.27089
0.3181847,0.85736084
0.3181847,0.48693258
0.3181847,0.23388472
0.3181847,0.15814543
0.3181847,0.18359363
0.3181847,0.25320277
0.19628952,0.416667
0.19628952,0.39838848
0.19628952,0.3563512
0.19628952,0.31284815
0.19628952,0.28209788
0.19628952,0.23912445
0.19628952,0.2057625
0.19628952,0.19599149
0.19628952,0.19584718
0.7195135,0.3447294
0.7195135,0.40257958
0.7195135,0.45783445
0.7195135,0.5251065
0.7195135,0.6101612
0.7195135,0.69662726
0.7195135,0.7349949
0.7195135,0.71932393
0.7206624,0.70568043
0.7206624,0.49943188
0.7206624,0.276832
0.7206624,0.12912223
0.7206624,0.1579386
0.7206624,0.29787213
0.7206624,0.5098689
0.7206624,0.72636616
2.157635,1.2495972
2.157635,1.523625
2.157635,1.7490016
2.157635,1.9399043
2.157635,2.0879765
2.157635,2.1776772
2.157635,2.194403
2.157635,2.1568093
2.157635,2.156858
0.55114526,1.996073
0.55114526,1.8164737
0.55114526,1.5710392
0.55114526,1.279481
0.55114526,0.9920291
0.55114526,0.75595933
0.55114526,0.6053731
0.55114526,0.5493519
0.55114526,0.5490642
1.2994105,0.50851095
1.2994105,0.5975219
1.2994105,0.68649733
1.2994105,0.78482825
1.2994105,0.9223833
1.2994105,1.0239062
1.2994105,1.1544148
1.2994105,1.3035046
1.8911451,1.6483316
1.8911451,1.8470052
1.8911451,1.9844133
1.8911451,2.0621154
1.8911451,2.0777016
1.8911451,2.0411777
1.8911451,1.9657494
1.8911451,1.8888103
1.1242985,1.6879741
1.1242985,1.4916768
1.1242985,1.2613306
1.1242985,1.0684338
1.1242985,0.94252485
1.1242985,0.9440146
1.1242985,1.0243587
1.1242985,1.1271566
2.43007,1.2989253
2.43007,1.5630426
2.43007,1.7584999
2.43007,1.9054986
2.43007,2.0775607
2.43007,2.256786
2.43007,2.3820474
2.43007,2.431772
1.6770614,2.332559
1.6770614,2.1891913
1.6770614,2.076187
1.6770614,2.018237
1.6770614,2.027464
1.6770614,1.9817408
1.6770614,1.8519194
1.6770614,1.6723388
1.6770614,1.67147
0.76210654,1.125706
0.76210654,0.8558157
0.76210654,0.62121665
0.76210654,0.45271137
0.76210654,0.4112847
0.76210654,0.48694214
0.76210654,0.62750465
0.76210654,0.765536
1.5058104,1.0739944
1.5058104,1.3071872
1.5058104,1.5012436
1.5058104,1.6347607
1.5058104,1.6940597
1.5058104,1.7035369
1.5058104,1.6281497
1.5058104,1.5027219
0.3818779,1.3378271
0.3818779,1.2775606
0.3818779,1.1995572
0.3818779,1.0682955
0.3818779,0.8294876
0.3818779,0.63049316
0.3818779,0.47052935
0.3818779,0.3793393
0.3818779,0.37854552
0.3818779,0.3818779
1.3285019,0.18253176
1.3285019,0.120659746
1.3285019,0.20419018
1.3285019,0.4092496
1.3285019,0.67781425
1.3285019,0.9301124
1.3285019,1.1601232
2.0368187,1.794511
2.0368187,2.062331
2.0368187,2.2234483
2.0368187,2.2917094
2.0368187,2.2770154
2.0368187,2.2524652
2.0368187,2.1643047
2.0368187,2.0329313
1.0898696,1.6584252
1.0898696,1.36183
1.0898696,1.1558489
1.0898696,1.0500311
1.0898696,1.0280735
1.0898696,0.9968237
1.0898696,1.0187484
1.0898696,1.0916216
1.0898696,1.0919908
1.6193421,1.2103379
1.6193421,1.2830392
1.6193421,1.4384032
1.6193421,1.6238513
1.6193421,1.7381889
1.6193421,1.7197398
1.6193421,1.6621755
1.6193421,1.618334
1.5115687,1.5565275
1.5115687,1.5135249
1.5115687,1.5380847
1.5115687,1.5977491
1.5115687,1.6299131
1.5115687,1.6497232
1.5115687,1.605589
1.5115687,1.5092338
1.3108301,1.2714187
1.3108301,1.0467119
1.3108301,0.87042964
1.3108301,0.759278
1.3108301,0.70522195
1.3108301,0.7710849
1.3108301,1.001845
1.3108301,1.3186988
1.3108301,1.3193442
2.103573,2.0924907
2.103573,2.515535
2.103573,2.8475747
2.103573,3.03468
2.103573,2.9833858
2.103573,2.7166815
2.103573,2.3803763
2.103573,2.0962174
2.3345728,1.8890406
2.3345728,1.8866023
2.3345728,1.9475597
2.3345728,2.036669
2.3345728,2.123439
2.3345728,2.2035587
2.3345728,2.2765288
2.3345728,2.3363934
1.8549116,2.4227252
1.8549116,2.664829
1.8549116,2.8359547
1.8549116,2.8475382
1.8549116,2.6336834
1.8549116,2.2726622
1.8549116,1.9794537
1.8549116,1.8505774
1.8549116,1.8499434
3.5534122,1.9222066
3.5534122,1.9562166
3.5534122,2.0508146
3.5534122,2.247445
3.5534122,2.5939884
3.5534122,2.9723175
3.5534122,3.3215241
3.5534122,3.5592155
4.100026,3.778278
4.100026,3.7830505
4.100026,3.814197
4.100026,3.8593614
4.100026,3.8545861
4.100026,3.846918
4.100026,3.9378414
4.100026,4.103881
3.1124961,3.979638
3.1124961,3.8516035
3.1124961,3.7495964
3.1124961,3.6715584
3.1124961,3.584677
3.1124961,3.4805098
3.1124961,3.3035486
3.1124961,3.107476
3.1124961,3.1062906
3.2167573,2.9340153
3.2167573,2.929396
3.2167573,2.9400582
3.2167573,2.9350822
3.2167573,2.8950574
3.2167573,2.8567793
3.2167573,2.9726002
3.2167573,3.2231073
3.2167573,3.2240882
3.1743705,3.98267
3.1743705,4.2537465
3.1743705,4.4053154
3.1743705,4.4402394
3.1743705,4.332611
3.1743705,4.0270333
3.1743705,3.588109
2.7769332,2.7123656
2.7769332,2.5612948
2.7769332,2.4990761
2.7769332,2.5222135
2.7769332,2.6469562
2.7769332,2.779925
2.7769332,2.8270748
2.7769332,2.7758725
2.7769332,2.7757802
2.7769332,2.7769332
3.563088,2.5299158
3.563088,2.3840334
3.563088,2.3464553
3.563088,2.4525099
3.563088,2.7210808
3.563088,3.014722
3.563088,3.3166943
3.2784867,3.9727254
3.2784867,4.013293
3.2784867,3.8650713
3.2784867,3.6149747
3.2784867,3.3927248
3.2784867,3.3419425
3.2784867,3.3242695
3.2784867,3.2778976
3.7727582,3.1815813
3.7727582,3.116157
3.7727582,3.1082807
3.7727582,3.170075
3.7727582,3.317124
3.7727582,3.406154
3.7727582,3.569578
3.7727582,3.7779517
3.7727582,3.7792828
3.7727582,3.7727585
5.6177044,4.1304145
5.6177044,4.397479
5.6177044,4.657546
5.6177044,4.9325175
5.6177044,5.2634263
5.6177044,5.509378
5.6177044,5.625371
4.329515,5.6200304
4.329515,5.477588
4.329515,5.208526
4.329515,4.893131
4.329515,4.661985
4.329515,4.532673
4.329515,4.426348
4.329515,4.3267593
4.329515,4.326204
4.1328163,4.1135955
4.1328163,3.9503434
4.1328163,3.807394
4.1328163,3.721271
4.1328163,3.7277646
4.1328163,3.8058643
4.1328163,3.9598095
4.1328163,4.1375036
6.233946,4.719257
6.233946,5.161697
6.233946,5.499203
6.233946,5.7463756
6.233946,5.975344
6.233946,6.1873255
6.233946,6.2776556
6.233946,6.23339
3.0415428,6.1231656
3.0415428,5.808252
3.0415428,5.280601
3.0415428,4.622577
3.0415428,3.994262
3.0415428,3.4825218
3.0415428,3.1632698
3.0415428,3.0380876
6.2466,3.2131662
6.2466,3.643933
6.2466,4.1602855
6.2466,4.690959
6.2466,5.245644
6.2466,5.674811
6.2466,6.0340896
6.2466,6.2525764
6.2466,6.254307
8.804801,6.8433347
8.804801,7.2844467
8.804801,7.683199
8.804801,8.012842
8.804801,8.399513
8.804801,8.769793
8.804801,8.912267
8.804801,8.802919
3.7627077,7.775322
3.7627077,6.98308
3.7627077,6.107448
3.7627077,5.23223
3.7627077,4.5449533
3.7627077,4.0689483
3.7627077,3.8200674
3.7627077,3.7600937
6.8137045,3.8822548
6.8137045,4.3353667
6.8137045,4.8302784
6.8137045,5.297272
6.8137045,5.688983
6.8137045,6.098932
6.8137045,6.498004
6.8137045,6.823
6.8137045,6.8246346
6.8137045,6.8137045
7.4535217,7.5839396
7.4535217,7.96038
7.4535217,8.146108
7.4535217,8.140315
7.4535217,7.949264
7.4535217,7.7486095
7.4535217,7.5716643
3.3202791,6.8950067
3.3202791,6.5764976
3.3202791,6.1766696
3.3202791,5.662356
3.3202791,5.009556
3.3202791,4.352349
3.3202791,3.7443793
3.3202791,3.310191
6.352032,2.6761622
6.352032,2.8837047
6.352032,3.4455752
6.352032,4.180508
6.352032,4.9587946
6.352032,5.5649967
6.352032,6.074115
6.352032,6.3598833
6.352032,6.3627887
6.352032,6.352032
4.7057033,6.465472
4.7057033,6.206209
4.7057033,5.905657
4.7057033,5.560436
4.7057033,5.203528
4.7057033,4.994559
4.7057033,4.8380857
1.4030936,4.3141127
1.4030936,3.9801269
1.4030936,3.5589123
1.4030936,3.0468268
1.4030936,2.472098
1.4030936,1.9114277
1.4030936,1.5364659
1.4030936,1.397175
3.2083182,1.5865395
3.2083182,1.8111516
3.2083182,2.127682
3.2083182,2.463036
3.2083182,2.694159
3.2083182,2.797519
3.2083182,2.9651847
3.2083182,3.2148283
3.2083182,3.2160761
2.7016575,3.9854903
2.7016575,4.19585
2.7016575,4.307173
2.7016575,4.2746844
2.7016575,3.9707353
2.7016575,3.5375085
2.7016575,3.0596614
2.7016575,2.6920743
2.494775,2.4468167
2.494775,2.4100618
2.494775,2.4720917
2.494775,2.5876312
2.494775,2.6978135
2.494775,2.6544142
2.494775,2.5638747
2.494775,2.4929829
3.683018,2.4459388
3.683018,2.420491
3.683018,2.5526543
3.683018,2.8041694
3.683018,3.1187983
3.683018,3.2492297
3.683018,3.4438221
3.683018,3.6896064
3.7046528,4.241994
3.7046528,4.3070903
3.7046528,4.3098493
3.7046528,4.255726
3.7046528,4.0877786
3.7046528,3.905353
3.7046528,3.7666423
3.7046528,3.7026854
3.7046528,3.702221
4.62512,3.7252893
4.62512,3.701148
4.62512,3.7055027
4.62512,3.7641919
4.62512,3.8974533
4.62512,4.0958204
4.62512,4.361448
4.62512,4.6320577
4.740188,4.858721
4.740188,4.9624376
4.740188,5.0373626
4.740188,5.094678
4.740188,5.141416
4.740188,5.047147
4.740188,4.88805
4.740188,4.7357445
4.740188,4.7352414
4.9453526,4.6999717
4.9453526,4.717757
4.9453526,4.7589254
4.9453526,4.796538
4.9453526,4.796204
4.9453526,4.757862
4.9453526,4.810234
4.9453526,4.9486012
5.6009684,4.91269
5.6009684,4.9182425
5.6009684,4.9307876
5.6009684,4.965739
5.6009684,5.051198
5.6009684,5.2062736
5.6009684,5.406814
5.6009684,5.605767
5.352849,5.803234
5.352849,6.0280676
5.352849,6.106913
5.352849,6.0284305
5.352849,5.822673
5.352849,5.5910473
5.352849,5.4090056
5.352849,5.350495
5.352849,5.350331
5.6684036,5.228508
5.6684036,5.2691817
5.6684036,5.392612
5.6684036,5.5453267
5.6684036,5.667403
5.6684036,5.6866193
5.6684036,5.6756454
5.6684036,5.668216
5.8897953,5.646884
5.8897953,5.7606487
5.8897953,5.892583
5.8897953,5.981992
5.8897953,5.9648013
5.8897953,5.901797
5.8897953,5.8713293
5.8897953,5.890099
4.6935434,5.7206926
4.6935434,5.6697307
4.6935434,5.6364264
4.6935434,5.586591
4.6935434,5.4836287
4.6935434,5.221684
4.6935434,4.922676
4.6935434,4.687181
4.6935434,4.6855597
4.6935434,4.6935434
3.1311517,4.2075505
3.1311517,4.145778
3.1311517,4.11792
3.1311517,4.052751
3.1311517,3.9057965
3.1311517,3.6111472
3.1311517,3.315498
3.1313925,3.2254226
3.1313925,3.148127
3.1313925,2.9961708
3.1313925,2.8460298
3.1313925,2.8012
3.1313925,2.8047118
3.1313925,2.9293292
3.1313925,3.1360447
3.1313925,3.1376395
2.7550435,3.3105848
2.7550435,3.251043
2.7550435,3.1437044
2.7550435,3.004096
2.7550435,2.8754914
2.7550435,2.772989
2.7550435,2.7345855
2.7550435,2.7555914
2.8665702,2.8696089
2.8665702,2.8628838
2.8665702,2.8232658
2.8665702,2.8043315
2.8665702,2.8720253
2.8665702,2.9034462
2.8665702,2.8973303
2.8665702,2.8658445
1.8537976,2.9797082
1.8537976,2.8831239
1.8537976,2.784929
1.8537976,2.6867387
1.8537976,2.5607984
1.8537976,2.197154
1.8537976,1.9278234
1.8537976,1.8497207
0.2936608,2.159144
0.2936608,2.1340094
0.2936608,2.00335
0.2936608,1.7837923
0.2936608,1.4778385
0.2936608,1.0958302
0.2936608,0.66950905
0.2936608,0.28281263
0.2936608,0.28439707
-0.07111413,-0.09775203
-0.07111413,-0.44724363
-0.07111413,-0.70432925
-0.07111413,-0.7957489
-0.07111413,-0.7062193
-0.07111413,-0.5078356
-0.07111413,-0.26743665
-0.07111413,-0.06547971
0.12281008,0.664168
0.12281008,0.8509115
0.12281008,0.84026176
0.12281008,0.7300555
0.12281008,0.6372911
0.12281008,0.4888266
0.12281008,0.29785496
0.12281008,0.118351825
0.13635856,0.4891878
0.13635856,0.5851895
0.13635856,0.64556074
0.13635856,0.6521237
0.13635856,0.53063107
0.13635856,0.35423464
0.13635856,0.20047091
0.13635856,0.13444805
0.13635856,0.13371408
1.8704448,0.3503976
1.8704448,0.3633287
1.8704448,0.44199988
1.8704448,0.64315265
1.8704448,0.9700633
1.8704448,1.3380566
1.8704448,1.662629
1.8704448,1.8771491
3.6160734,2.190976
3.6160734,2.3545203
3.6160734,2.474165
3.6160734,2.6358752
3.6160734,2.951989
3.6160734,3.2384808
3.6160734,3.471195
3.6160734,3.6204607
2.4879477,3.4706814
2.4879477,3.199617
2.4879477,2.8243287
2.4879477,2.4782624
2.4879477,2.3498883
2.4879477,2.3383496
2.4879477,2.4028175
2.4879477,2.4907756
2.4879477,2.490639
3.066973,2.3354623
3.066973,2.292094
3.066973,2.3247046
3.066973,2.4303186
3.066973,2.6087122
3.066973,2.7158258
3.066973,2.8783395
3.066973,3.0719512
4.084668,3.456151
4.084668,3.6746914
4.084668,3.7761526
4.084668,3.793475
4.084668,3.7967472
4.084668,3.821088
4.084668,3.9269788
4.084668,4.088626
4.0242085,4.3328586
4.0242085,4.5777903
4.0242085,4.734626
4.0242085,4.789993
4.0242085,4.7518997
4.0242085,4.6060734
4.0242085,4.320654
4.0242085,4.0162454
3.3700519,3.4331887
3.3700519,3.4315436
3.3700519,3.5119762
3.3700519,3.6426208
3.3700519,3.7532713
3.3700519,3.692462
3.3700519,3.5355895
3.3700519,3.3670783
3.3700519,3.3648376
2.977603,3.1716056
2.977603,3.1370971
2.977603,3.1021037
2.977603,3.0966308
2.977603,3.1890068
2.977603,3.2241912
2.977603,3.1409502
2.977603,2.9730031
2.977603,2.9738739
2.127743,2.62042
2.127743,2.5154026
2.127743,2.4441154
2.127743,2.3818603
2.127743,2.3155265
2.127743,2.2696772
2.127743,2.2040198
2.127743,2.1257532
0.86044717,1.9557354
0.86044717,1.8573711
0.86044717,1.7511896
0.86044717,1.6372871
0.86044717,1.519065
0.86044717,1.3411089
0.86044717,1.0986611
0.86044717,0.8541678
0.71565014,0.697408
0.71565014,0.5401392
0.71565014,0.35882708
0.71565014,0.23472834
0.71565014,0.28344876
0.71565014,0.41629437
0.71565014,0.5811081
0.71565014,0.71909076
0.706487,0.8466613
0.706487,0.7502612
0.706487,0.6521761
0.706487,0.59483206
0.706487,0.57788014
0.706487,0.6061749
0.706487,0.65721977
0.706487,0.70777124
0.706487,0.708119
1.3185716,0.92808986
1.3185716,1.055353
1.3185716,1.1605955
1.3185716,1.2416198
1.3185716,1.2881209
1.3185716,1.3622128
1.3185716,1.374801
1.3185716,1.3173276
0.8923362,1.3404303
0.8923362,1.2686282
0.8923362,1.1205254
0.8923362,0.9546928
0.8923362,0.8635709
0.8923362,0.81821084
0.8923362,0.8349452
0.8923362,0.8937631
0.81702334,1.1662912
0.81702334,1.2229358
0.81702334,1.2279397
0.81702334,1.1888216
0.81702334,1.0980425
0.81702334,0.98284566
0.81702334,0.8824345
0.81702334,0.8152423
0.81702334,0.81462383
0.7316464,0.72858006
0.7316464,0.6390267
0.7316464,0.60544574
0.7316464,0.5960641
0.7316464,0.53983957
0.7316464,0.6295466
0.7316464,0.7157186
0.7316464,0.7322615
-0.21622315,0.57404435
-0.21622315,0.41085795
-0.21622315,0.22618382
-0.21622315,0.035623156
-0.21622315,-0.15046068
-0.21622315,-0.29717597
-0.21622315,-0.3160013
-0.21622315,-0.21430688
-0.21622315,-0.21358131
0.26297155,0.20218846
0.26297155,0.39173672
0.26297155,0.53829217
0.26297155,0.6321299
0.26297155,0.641376
0.26297155,0.5602219
0.26297155,0.41304502
0.26297155,0.25848132
0.744549,0.36554483
0.744549,0.29908666
0.744549,0.21294656
0.744549,0.17475191
0.744549,0.25386885
0.744549,0.4032598
0.744549,0.5863634
0.744549,0.755439
0.8729604,0.9494178
0.8729604,1.1029372
0.8729604,1.2152914
0.8729604,1.2647258
0.8729604,1.211125
0.8729604,1.0937911
0.8729604,0.9655771
0.8729604,0.86942583
2.4681396,0.997979
2.4681396,1.1340729
2.4681396,1.3059936
2.4681396,1.5055153
2.4681396,1.7227162
2.4681396,1.943842
2.4681396,2.205765
2.4681396,2.4755454
2.4681396,2.4774525
3.1679914,3.025448
3.1679914,3.1564012
3.1679914,3.186486
3.1679914,3.1884978
3.1679914,3.2319884
3.1679914,3.2440286
3.1679914,3.2172487
3.1679914,3.1668162
2.6805804,2.9084184
2.6805804,2.801309
2.6805804,2.6899858
2.6805804,2.5730262
2.6805804,2.4626567
2.6805804,2.4950733
2.6805804,2.5905778
2.6805804,2.6817522
4.9182506,2.8772304
4.9182506,3.0862296
4.9182506,3.3531713
4.9182506,3.677225
4.9182506,4.0677376
4.9182506,4.3642173
4.9182506,4.6544337
4.9182506,4.92565
4.9182506,4.9272647
4.4844475,5.336867
4.4844475,5.4200077
4.4844475,5.3979073
4.4844475,5.2992992
4.4844475,5.144146
4.4844475,4.9356484
4.4844475,4.6955533
4.4844475,4.4785414
4.446385,3.9197037
4.446385,3.798594
4.446385,3.7601237
4.446385,3.7665472
4.446385,3.8061416
4.446385,3.9367096
4.446385,4.171611
4.446385,4.451407
6.453723,5.042514
6.453723,5.4035153
6.453723,5.6974707
6.453723,5.9751306
6.453723,6.3049664
6.453723,6.4404225
6.453723,6.4697905
6.453723,6.4535317
6.453723,6.453505
5.0677214,6.4749637
5.0677214,6.4264493
5.0677214,6.259479
5.0677214,5.999968
5.0677214,5.710321
5.0677214,5.4242268
5.0677214,5.1950507
5.0677214,5.0639887
6.4296,4.669458
6.4296,4.68928
6.4296,4.8553905
6.4296,5.115008
6.4296,5.4576707
6.4296,5.838668
6.4296,6.189367
6.4296,6.435673
6.9198394,6.781367
6.9198394,6.8886523
6.9198394,6.941187
6.9198394,6.975097
6.9198394,7.025617
6.9198394,7.0362387
6.9198394,6.994025
6.9198394,6.9180827
6.9198394,6.9175653
4.671855,6.314855
4.671855,5.8263984
4.671855,5.4173493
4.671855,5.1055894
4.671855,4.896211
4.671855,4.7157674
4.671855,4.641978
4.671855,4.672216
6.2735076,4.8258185
6.2735076,5.1439424
6.2735076,5.4086356
6.2735076,5.602541
6.2735076,5.7742925
6.2735076,5.993013
6.2735076,6.174828
6.2735076,6.2767105
4.14238,6.542896
4.14238,6.5480595
4.14238,6.29541
4.14238,5.8588285
4.14238,5.3820405
4.14238,4.892229
4.14238,4.450959
4.14238,4.133004
4.14238,4.1314316
4.14238,4.14238
2.1716468,3.7855842
2.1716468,3.5200474
2.1716468,3.280276
2.1716468,3.0556345
2.1716468,2.8270428
2.1716468,2.6041641
2.1716468,2.3723574
2.1289368,2.2080138
2.1289368,2.1933172
2.1289368,2.140779
2.1289368,2.0860496
2.1289368,2.0819972
2.1289368,2.1541586
2.1289368,2.1826146
2.1289368,2.128176
4.0848827,2.5050383
4.0848827,2.8105137
4.0848827,2.9431205
4.0848827,2.986405
4.0848827,3.1269367
4.0848827,3.4412293
4.0848827,3.791572
4.0848827,4.0934186
4.0848827,4.0948834
2.8543136,4.6123805
2.8543136,4.5592346
2.8543136,4.176374
2.8543136,3.6635075
2.8543136,3.3028142
2.8543136,3.081681
2.8543136,2.9378881
3.3832273,2.8104784
3.3832273,2.844793
3.3832273,2.7880082
3.3832273,2.72652
3.3832273,2.7946222
3.3832273,3.0448956
3.3832273,3.2761996
3.3832273,3.4042947
4.8477073,3.8744588
4.8477073,4.1614084
4.8477073,4.3940215
4.8477073,4.5823407
4.8477073,4.73164
4.8477073,4.851251
4.8477073,4.887892
4.8477073,4.8469176
4.8477073,4.846788
4.853501,4.9554625
4.853501,5.0947666
4.853501,5.1299314
4.853501,5.0635686
4.853501,4.9453344
4.853501,4.914693
4.853501,4.8915563
4.853501,4.8525424
5.513356,4.551015
5.513356,4.615793
5.513356,4.7288723
5.513356,4.857955
5.513356,5.0129795
5.513356,5.253477
5.513356,5.439297
5.513356,5.5158067
5.1986203,5.506489
5.1986203,5.5779967
5.1986203,5.660767
5.1986203,5.750192
5.1986203,5.857274
5.1986203,5.806139
5.1986203,5.5532746
5.1986203,5.190419
5.1986203,5.1871924
5.4511824,4.7001204
5.4511824,4.576424
5.4511824,4.5805993
5.4511824,4.713284
5.4511824,4.892396
5.4511824,5.091413
5.4511824,5.2665505
5.4511824,5.4420877
4.7100954,5.477599
4.7100954,5.444174
4.7100954,5.3751993
4.7100954,5.28259
4.7100954,5.183719
4.7100954,5.101385
4.7100954,4.935011
4.7100954,4.7040343
4.7100954,4.702935
3.3442538,4.3021264
3.3442538,4.1468663
3.3442538,4.018441
3.3442538,3.901431
3.3442538,3.8106291
3.3442538,3.7150753
3.3442538,3.5474072
3.3442538,3.3282447
3.5546162,3.184937
3.5546162,3.0968897
3.5546162,3.0567853
3.5546162,3.0703902
3.5546162,3.137172
3.5546162,3.225175
3.5546162,3.3776398
3.5546162,3.559021
4.0574183,3.8055494
4.0574183,3.945747
4.0574183,4.1130624
4.0574183,4.2781086
4.0574183,4.3850365
4.0574183,4.403015
4.0574183,4.2714033
4.0574183,4.051874
3.292165,3.9056358
3.292165,3.972698
3.292165,4.0765543
3.292165,4.1699457
3.292165,4.219383
3.292165,4.1704254
3.292165,3.8176906
3.292165,3.2781987
3.292165,3.2789574
3.292165,3.292165
1.1833187,2.3562794
1.1833187,1.6800959
1.1833187,1.2827445
1.1833187,1.1376013
1.1833187,1.1139014
1.1833187,1.084897
1.1833187,1.1097282
2.4787102,1.6001842
2.4787102,2.0218403
2.4787102,2.429153
2.4787102,2.7628
2.4787102,2.9510412
2.4787102,2.9199243
2.4787102,2.7209642
2.4787102,2.4721403
2.4787102,2.470924
3.236395,2.2362795
3.236395,1.8696724
3.236395,1.5807965
3.236395,1.5353268
3.236395,1.8722385
3.236395,2.41711
3.236395,2.9404268
3.236395,3.2497597
1.0084611,3.1878195
1.0084611,2.9049802
1.0084611,2.4851887
1.0084611,2.0395453
1.0084611,1.6933136
1.0084611,1.3864771
1.0084611,1.1467688
1.0084611,1.0046321
1.0084611,1.0039217
5.2230577,1.3561989
5.2230577,1.7802742
5.2230577,2.4438307
5.2230577,3.2693183
5.2230577,4.1145077
5.2230577,4.729834
5.2230577,5.092681
5.3420153,5.330036
5.3420153,5.301551
5.3420153,5.2587423
5.3420153,5.2409763
5.3420153,5.280923
5.3420153,5.3219776
5.3420153,5.343705
5.3420153,5.3420677
5.3420153,5.3420796
4.257977,4.9135857
4.257977,4.6428723
4.257977,4.353813
4.257977,4.069712
4.257977,3.8712206
4.257977,3.9564464
4.257977,4.1259446
4.257977,4.2618675
5.568607,4.078895
5.568607,4.021356
5.568607,4.0867944
5.568607,4.298672
5.568607,4.6546063
5.568607,5.0732865
5.568607,5.4040804
5.568607,5.573803
5.568607,5.574867
5.3928237,5.838017
5.3928237,5.721234
5.3928237,5.564456
5.3928237,5.4394484
5.3928237,5.377841
5.3928237,5.310377
5.3928237,5.3152895
5.3928237,5.394544
4.4239397,5.5580935
4.4239397,5.87775
4.4239397,5.9646125
4.4239397,5.7502556
4.4239397,5.267512
4.4239397,4.7718983
4.4239397,4.4677463
4.4239397,4.4217687
9.016833,4.293933
9.016833,4.5939217
9.016833,5.2364616
9.016833,6.136026
9.016833,7.167058
9.016833,8.110191
9.016833,8.756767
9.016833,9.024175
9.016833,9.027548
6.3320045,8.639154
6.3320045,8.178933
6.3320045,7.737478
6.3320045,7.318539
6.3320045,6.8873143
6.3320045,6.552599
6.3320045,6.368688
6.3320045,6.327863
5.654825,5.887707
5.654825,5.7662134
5.654825,5.8399086
5.654825,6.020005
5.654825,6.16552
5.654825,6.0681443
5.654825,5.859896
5.654825,5.64926
5.9818187,5.3745522
5.9818187,5.2377105
5.9818187,5.1398764
5.9818187,5.088001
5.9818187,5.1167636
5.9818187,5.3352623
5.9818187,5.666308
5.9818187,5.9908895
4.748211,6.3872433
4.748211,6.291334
4.748211,6.078653
4.748211,5.8175416
4.748211,5.563448
4.748211,5.313428
4.748211,5.024145
4.748211,4.7372403
4.748211,4.739015
4.748211,4.748211
4.09076,4.1731052
4.09076,3.934988
4.09076,3.8908412
4.09076,3.9903736
4.09076,4.1550374
4.09076,4.244389
4.09076,4.2120066
2.7906468,3.8470414
2.7906468,3.7129798
2.7906468,3.4876246
2.7906468,3.1997864
2.7906468,2.951498
2.7906468,2.834296
2.7906468,2.7933545
2.7906468,2.790411
2.832772,2.991742
2.832772,2.9973748
2.832772,2.992996
2.832772,3.0012836
2.832772,3.024522
2.832772,3.0037384
2.832772,2.9295132
2.832772,2.8300736
2.832772,2.8296876
2.2253258,2.8431447
2.2253258,2.5843008
2.2253258,2.3044963
2.2253258,2.0583754
2.2253258,1.8849528
2.2253258,1.8628721
2.2253258,2.0041564
2.2253258,2.2313442
2.8501382,2.9139626
2.8501382,3.2046742
2.8501382,3.3041651
2.8501382,3.2561858
2.8501382,3.1291578
2.8501382,3.013613
2.8501382,2.9166183
2.8501382,2.8481436
3.62909,3.08274
3.62909,3.1044362
3.62909,3.0882428
3.62909,3.0852861
3.62909,3.1444283
3.62909,3.300775
3.62909,3.4833405
3.62909,3.6363547
3.62909,3.6340847
3.6823337,3.757965
3.6823337,3.5525434
3.6823337,3.292342
3.6823337,3.0716326
3.6823337,2.969395
3.6823337,3.0980375
3.6823337,3.3824348
3.6823337,3.690339
4.113531,3.952257
4.113531,4.0337076
4.113531,4.0056577
4.113531,3.9156446
4.113531,3.836608
4.113531,3.8544598
4.113531,3.9647837
4.113531,4.117049
5.02637,4.3195763
5.02637,4.444032
5.02637,4.6161876
5.02637,4.8074
5.02637,4.9674125
5.02637,5.0226145
5.02637,5.031011
5.02637,5.0263352
5.02637,5.0263257
5.436973,5.2505445
5.436973,5.2726126
5.436973,5.233554
5.436973,5.2022243
5.436973,5.2609406
5.436973,5.3411136
5.436973,5.4071155
6.258013,5.3280973
6.258013,5.437939
6.258013,5.637155
6.258013,5.7999954
6.258013,5.9146376
6.258013,6.0599675
6.258013,6.1988864
6.258013,6.270612
6.0021443,6.2341933
6.0021443,6.2726936
6.0021443,6.4152694
6.0021443,6.6120124
6.0021443,6.7697678
6.0021443,6.669517
6.0021443,6.3659115
6.0021443,5.9926543
6.0021443,5.990414
5.747813,5.37037
5.747813,5.262977
5.747813,5.2920723
5.747813,5.3709555
5.747813,5.4169993
5.747813,5.5162487
5.747813,5.641903
5.747813,5.750349
6.4684277,5.895393
6.4684277,6.118633
6.4684277,6.3295097
6.4684277,6.4793153
6.4684277,6.536478
6.4684277,6.547054
6.4684277,6.5157924
6.4684277,6.467328
5.57197,6.3121266
5.57197,6.3113494
5.57197,6.3083773
5.57197,6.2646236
5.57197,6.1495686
5.57197,5.967981
5.57197,5.7463946
5.57197,5.5597744
5.57197,5.57197
5.356414,5.0734234
5.356414,4.868441
5.356414,4.7822876
5.356414,4.8050194
5.356414,4.9225707
5.356414,5.104155
5.356414,5.2666507
4.4838963,5.3011107
4.4838963,5.2685623
4.4838963,5.221811
4.4838963,5.134671
4.4838963,4.9855037
4.4838963,4.7947264
4.4838963,4.61292
4.4838963,4.4809566
4.5925913,4.483223
4.5925913,4.6022563
4.5925913,4.689042
4.5925913,4.738371
4.5925913,4.7735033
4.5925913,4.7845373
4.5925913,4.715983
4.5925913,4.589334
4.5925913,4.588824
4.590803,4.2984915
4.590803,4.137053
4.590803,4.0406137
4.590803,4.025546
4.590803,4.102486
4.590803,4.2749066
4.590803,4.46115
4.590803,4.594201
4.5781584,4.7126017
4.5781584,4.6631327
4.5781584,4.580479
4.5781584,4.5111814
4.5781584,4.4975686
4.5781584,4.52542
4.5781584,4.5597935
4.5781584,4.5784016
5.1671352,4.625273
5.1671352,4.6815066
5.1671352,4.7283792
5.1671352,4.782618
5.1671352,4.87846
5.1671352,4.9774613
5.1671352,5.0830936
5.1671352,5.169294
5.1671352,5.1700735
4.834079,5.2769527
4.834079,5.1808605
4.834079,4.956533
4.834079,4.7048025
4.834079,4.535128
4.834079,4.5512404
4.834079,4.681875
4.834079,4.8387017
4.949159,4.9320064
4.949159,4.9173436
4.949159,4.86616
4.949159,4.806083
4.949159,4.769556
4.949159,4.7960873
4.949159,4.8678865
4.949159,4.9514832
4.8091383,5.066244
4.8091383,5.096095
4.8091383,5.127836
4.8091383,5.125628
4.8091383,5.028254
4.8091383,4.9170685
4.8091383,4.837778
4.8091383,4.8080926
4.8091383,4.8079185
4.8091383,4.8091383
5.100333,4.901063
5.100333,4.963996
5.100333,5.001799
5.100333,4.9984016
5.100333,4.938048
5.100333,4.9239006
5.100333,4.9869404
5.3417506,5.313421
5.3417506,5.3927765
5.3417506,5.4517007
5.3417506,5.485488
5.3417506,5.484183
5.3417506,5.4316273
5.3417506,5.374132
5.3417506,5.3412757
5.13416,5.318173
5.13416,5.232892
5.13416,5.147858
5.13416,5.0873356
5.13416,5.06672
5.13416,5.106679
5.13416,5.1366997
5.13416,5.134213
5.13416,5.1342177
4.7138834,5.0531864
4.7138834,4.9277596
4.7138834,4.707221
4.7138834,4.4549804
4.7138834,4.284636
4.7138834,4.303222
4.7138834,4.479208
4.7138834,4.7202473
5.058894,4.874804
5.058894,4.7969675
5.058894,4.7790933
5.058894,4.821681
5.058894,4.8644977
5.058894,4.8968363
5.058894,4.965304
5.058894,5.06159
4.7805767,5.1903825
4.7805767,5.1539965
4.7805767,5.0824895
4.7805767,5.0070863
4.7805767,4.9501147
4.7805767,4.892395
4.7805767,4.8325343
4.7805767,4.779084
4.7805767,4.778809
5.089106,4.8998423
5.089106,5.12328
5.089106,5.314478
5.089106,5.3742876
5.089106,5.199706
5.089106,5.1087008
5.089106,5.076372
5.089106,5.089237
6.5267973,5.18703
6.5267973,5.3770013
6.5267973,5.5904994
6.5267973,5.8117366
6.5267973,6.046063
6.5267973,6.2094517
6.5267973,6.372213
6.5267973,6.530823
6.901545,6.732026
6.901545,6.7257643
6.901545,6.7693663
6.901545,6.8466096
6.901545,6.88248
6.901545,6.8282337
6.901545,6.8285284
6.901545,6.9030604
6.901545,6.90367
7.28928,7.0738044
7.28928,7.2992344
7.28928,7.5680056
7.28928,7.7820005
7.28928,7.7941
7.28928,7.66276
7.28928,7.4632306
7.28928,7.2856293
5.1007733,6.825704
5.1007733,6.577703
5.1007733,6.338692
5.1007733,6.083104
5.1007733,5.837476
5.1007733,5.5584583
5.1007733,5.29503
5.1007733,5.0954103
4.291834,4.8770943
4.291834,4.844759
4.291834,4.8126664
4.291834,4.7626104
4.291834,4.700431
4.291834,4.6108036
4.291834,4.4629736
4.291834,4.28752
4.291834,4.286191
3.2155101,4.020289
3.2155101,3.8621287
3.2155101,3.682624
3.2155101,3.4948287
3.2155101,3.3266928
3.2155101,3.1937375
3.2155101,3.159995
3.2155101,3.2165596
6.8009496,3.56219
6.8009496,3.920016
6.8009496,4.4067245
6.8009496,5.004713
6.8009496,5.6517167
6.8009496,6.2188272
6.8009496,6.6229987
6.8009496,6.806257
6.8009496,6.807979
5.3237157,6.757169
5.3237157,6.491041
5.3237157,6.1681986
5.3237157,5.84484
5.3237157,5.569356
5.3237157,5.391902
5.3237157,5.3154902
5.3237157,5.323524
3.8153176,5.0078964
3.8153176,4.832613
3.8153176,4.6384974
3.8153176,4.4126396
3.8153176,4.172352
3.8153176,3.957747
3.8153176,3.8358388
3.8153176,3.8121934
4.758624,3.9445992
4.758624,4.044458
4.758624,4.100099
4.758624,4.149644
4.758624,4.258032
4.758624,4.4278965
4.758624,4.614022
4.758624,4.763188
3.8646107,5.0839024
3.8646107,5.030195
3.8646107,4.8239527
3.8646107,4.551737
3.8646107,4.3089848
3.8646107,4.136763
3.8646107,3.9898696
3.8646107,3.861247
3.8646107,3.8618715
2.7498112,3.7476084
2.7498112,3.6612537
2.7498112,3.5730877
2.7498112,3.4626367
2.7498112,3.2968822
2.7498112,3.1154985
2.7498112,2.9191103
2.7498112,2.7354677
4.0878677,2.814982
4.0878677,2.9248264
4.0878677,3.148892
4.0878677,3.4000661
4.0878677,3.658725
4.0878677,3.886086
4.0878677,4.0393314
5.955326,4.6428003
5.955326,4.816603
5.955326,4.9418235
5.955326,5.087717
5.955326,5.318697
5.955326,5.584259
5.955326,5.8075266
5.955326,5.95979
5.955326,5.957133
8.299171,6.2461953
8.299171,6.3402066
8.299171,6.436596
8.299171,6.6036158
8.299171,6.9166536
8.299171,7.385915
8.299171,7.895101
8.299171,8.318929
7.855915,8.492853
7.855915,8.472973
7.855915,8.347441
7.855915,8.168498
7.855915,8.006083
7.855915,7.913854
7.855915,7.8691006
7.855915,7.855362
6.8483853,7.325613
6.8483853,7.212805
6.8483853,7.1643057
6.8483853,7.1255765
6.8483853,7.0631227
6.8483853,6.9909043
6.8483853,6.9142666
6.8483853,6.84671
6.8483853,6.8472533
7.3792243,6.4110737
7.3792243,6.3080993
7.3792243,6.2986064
7.3792243,6.3789163
7.3792243,6.5692544
7.3792243,6.8288794
7.3792243,7.124972
7.3792243,7.3867054
6.4255776,7.476729
6.4255776,7.410047
6.4255776,7.25308
6.4255776,7.0615044
6.4255776,6.891503
6.4255776,6.7189226
6.4255776,6.5531983
6.4255776,6.422149
4.566199,5.98195
4.566199,5.7704325
4.566199,5.611373
4.566199,5.465947
4.566199,5.288111
4.566199,5.0374675
4.566199,4.7720137
4.566199,4.5598073
4.374887,4.21563
4.374887,4.060248
4.374887,3.946829
4.374887,3.901809
4.374887,3.9742188
4.374887,4.124181
4.374887,4.277566
4.374887,4.3775187
4.374887,4.3784127
3.7744439,4.47851
3.7744439,4.310957
3.7744439,4.0302887
3.7744439,3.8730538
3.7744439,3.7423801
3.7744439,3.6603389
3.7744439,3.678063
3.7744439,3.776766
3.8042948,4.010565
3.8042948,3.9428215
3.8042948,3.8184335
3.8042948,3.7347577
3.8042948,3.7944405
3.8042948,3.8719401
3.8042948,3.8268325
3.8042948,3.7995477
3.9612772,4.025437
3.9612772,4.0785866
3.9612772,3.9731474
3.9612772,3.7657554
3.9612772,3.5326438
3.9612772,3.5002666
3.9612772,3.6806633
3.9612772,3.9685721
3.3385797,4.4142203
3.3385797,4.4758177
3.3385797,4.3913445
3.3385797,4.1968393
3.3385797,3.916315
3.3385797,3.6557534
3.3385797,3.4515784
3.3385797,3.3356247
3.2283256,3.2315643
3.2283256,3.1815226
3.2283256,3.1660879
3.2283256,3.168017
3.2283256,3.158052
3.2283256,3.1662624
3.2283256,3.1932893
3.2283256,3.229195
3.2283256,3.2294445
3.17683,3.633019
3.17683,3.665925
3.17683,3.5889435
3.17683,3.4566727
3.17683,3.3213935
3.17683,3.215707
3.17683,3.1686935
3.17683,3.1768057
4.4959707,3.562465
4.4959707,3.813923
4.4959707,4.06554
4.4959707,4.298409
4.4959707,4.4704347
4.4959707,4.5376134
4.4959707,4.532942
4.4959707,4.4951735
5.9571576,4.4766827
5.9571576,4.5195255
5.9571576,4.6972575
5.9571576,4.9714975
5.9571576,5.256219
5.9571576,5.5073776
5.9571576,5.7519097
5.9571576,5.963079
5.9571576,5.9642434
6.6580243,6.086253
6.6580243,6.1774616
6.6580243,6.2187905
6.6580243,6.2338634
6.6580243,6.273162
6.6580243,6.376844
6.6580243,6.522538
6.6580243,6.6613126
6.784882,6.536481
6.784882,6.573595
6.784882,6.58105
6.784882,6.5738173
6.784882,6.6330433
6.784882,6.6799135
6.784882,6.733579
6.784882,6.7855883
5.7625637,6.680963
5.7625637,6.77019
5.7625637,6.821913
5.7625637,6.742893
5.7625637,6.444506
5.7625637,6.1254497
5.7625637,5.879501
5.7625637,5.757297
5.7625637,5.7599673
3.8999238,5.3244057
3.8999238,5.0328345
3.8999238,4.7344975
3.8999238,4.435071
3.8999238,4.1770616
3.8999238,3.9749966
3.8999238,3.8849573
3.8999238,3.8998544
3.6214247,3.8873794
3.6214247,3.8122497
3.6214247,3.662529
3.6214247,3.4785264
3.6214247,3.3395066
3.6214247,3.3374162
3.6214247,3.4504108
3.6214247,3.6221042
3.8914056,4.0266924
3.8914056,4.150024
3.8914056,4.170244
3.8914056,4.1239314
3.8914056,4.0530705
3.8914056,4.0308146
3.8914056,3.9786239
3.8914056,3.8884242
3.6591024,3.7290456
3.6591024,3.5805
3.6591024,3.509578
3.6591024,3.487756
3.6591024,3.4802213
3.6591024,3.493645
3.6591024,3.565966
3.6591024,3.6638553
2.7774878,3.5899742
2.7774878,3.4563599
2.7774878,3.2971904
2.7774878,3.136026
2.7774878,2.9803162
2.7774878,2.8715706
2.7774878,2.805063
2.7774878,2.776943
2.830662,2.9460735
2.830662,2.9877677
2.830662,3.0044038
2.830662,3.003535
2.830662,2.9849064
2.830662,2.9094179
2.830662,2.847908
2.830662,2.8299773
2.830662,2.8298907
5.0854125,3.0762713
5.0854125,3.0627785
5.0854125,3.0878837
5.0854125,3.2578986
5.0854125,3.6639752
5.0854125,4.2029595
5.0854125,4.7274632
2.8596902,5.2936745
2.8596902,5.1149364
2.8596902,4.636474
2.8596902,4.070173
2.8596902,3.6244316
2.8596902,3.2724087
2.8596902,2.978766
2.8596902,2.8333142
3.140295,2.6997209
3.140295,2.666748
3.140295,2.6257327
3.140295,2.6093316
3.140295,2.6861897
3.140295,2.7986193
3.140295,2.9645045
3.140295,3.14545
3.140295,3.1460748
5.8662257,3.5926228
5.8662257,3.8664894
5.8662257,4.2095294
5.8662257,4.6260667
5.8662257,5.061845
5.8662257,5.445949
5.8662257,5.7280784
5.8662257,5.870458
3.8992271,5.8140707
3.8992271,5.6416664
3.8992271,5.334604
3.8992271,4.9287467
3.8992271,4.4680123
3.8992271,4.0953565
3.8992271,3.902126
3.8992271,3.898616
4.6897454,3.7275834
4.6897454,3.7346566
4.6897454,3.8360028
4.6897454,4.0177655
4.6897454,4.2683005
4.6897454,4.485586
4.6897454,4.6290402
4.6897454,4.6920094
4.6897454,4.692225
6.505724,4.780602
6.505724,5.049293
6.505724,5.3732896
6.505724,5.6919346
6.505724,5.911715
6.505724,6.2037086
6.505724,6.4224377
6.505724,6.5087237
4.037941,6.050022
4.037941,5.8137393
4.037941,5.5156503
4.037941,5.1634674
4.037941,4.7860284
4.037941,4.4518833
4.037941,4.2000065
4.037941,4.041704
3.0632365,3.5335352
3.0632365,3.3341942
3.0632365,3.291094
3.0632365,3.3204677
3.0632365,3.3002486
3.0632365,3.1732132
3.0632365,3.0771565
3.0632365,3.0623734
3.0632365,3.062381
3.0632365,3.0632365
3.7067635,2.972864
3.7067635,2.9767082
3.7067635,3.075835
3.7067635,3.2252562
3.7067635,3.3439884
3.7067635,3.4741483
3.7067635,3.6038752
0.5052665,3.6937287
0.5052665,3.2645373
0.5052665,2.6298819
0.5052665,1.9658611
0.5052665,1.4488546
0.5052665,1.0620027
0.5052665,0.74266523
0.5052665,0.49888197
-1.1487637,0.03784218
-1.1487637,-0.16499971
-1.1487637,-0.33980852
-1.1487637,-0.5220971
-1.1487637,-0.74918485
-1.1487637,-0.95775217
-1.1487637,-1.0932494
-1.1487637,-1.150458
-1.1487637,-1.1510814
1.4839138,-0.8946201
1.4839138,-0.66152
1.4839138,-0.40878177
1.4839138,-0.11251455
1.4839138,0.2569503
1.4839138,0.7207791
1.4839138,1.1662552
1.4839138,1.4937115
-0.56533974,1.869172
-0.56533974,1.468482
-0.56533974,0.9012866
-0.56533974,0.3380173
-0.56533974,-0.05730635
-0.56533974,-0.32878754
-0.56533974,-0.49297547
-0.56533974,-0.56790376
0.21607818,-0.5555517
0.21607818,-0.38356322
0.21607818,-0.21269728
0.21607818,-0.0642399
0.21607818,0.062474273
0.21607818,0.16855739
0.21607818,0.21993345
0.21607818,0.2162195
0.21607818,0.2162496
-0.25056705,0.2068192
-0.25056705,0.051444374
-0.25056705,-0.08892303
-0.25056705,-0.19505158
-0.25056705,-0.2846269
-0.25056705,-0.30823955
-0.25056705,-0.28809255
-0.25056705,-0.24967891
-1.1811982,0.10340838
-1.1811982,0.10972481
-1.1811982,-0.057648756
-1.1811982,-0.33004725
-1.1811982,-0.6154976
-1.1811982,-0.84529406
-1.1811982,-1.0414196
-1.1811982,-1.1842407
-0.12447058,-1.0995023
-0.12447058,-1.0125219
-0.12447058,-0.8979929
-0.12447058,-0.75894475
-0.12447058,-0.59671634
-0.12447058,-0.41391048
-0.12447058,-0.24223557
-0.12447058,-0.12157052
-0.12447058,-0.12013733
0.23414247,-0.11906739
0.23414247,-0.12899537
0.23414247,-0.074134104
0.23414247,0.031933066
0.23414247,0.07991249
0.23414247,0.090803
0.23414247,0.12884527
0.23414247,0.23253539
1.249735,0.4753281
1.249735,0.72335994
1.249735,0.9198643
1.249735,1.0381988
1.249735,1.065081
1.249735,1.1750205
1.249735,1.245383
1.249735,1.2501554
1.249735,1.25021
1.3130729,0.86418
1.3130729,0.85615176
1.3130729,0.9241914
1.3130729,0.98241323
1.3130729,0.9480881
1.3130729,1.0038915
1.3130729,1.1526656
1.3130729,1.3269498
2.061313,1.2925406
2.061313,1.4050564
2.061313,1.6205298
2.061313,1.9076326
2.061313,2.2327948
2.061313,2.3419008
2.061313,2.2544558
2.061313,2.0481486
-0.09313822,1.5212994
-0.09313822,1.3020438
-0.09313822,1.0342299
-0.09313822,0.71474296
-0.09313822,0.3762554
-0.09313822,0.17013709
-0.09313822,0.015990501
-0.09313822,-0.09623938
-0.9957844,-0.66432947
-0.9957844,-0.7332107
-0.9957844,-0.60777026
-0.9957844,-0.4230884
-0.9957844,-0.34151947
-0.9957844,-0.48539406
-0.9957844,-0.74189883
-0.9957844,-1.0023509
-0.9957844,-0.9985587
-1.6581637,-1.2671825
-1.6581637,-1.4052025
-1.6581637,-1.5145417
-1.6581637,-1.5927896
-1.6581637,-1.6248875
-1.6581637,-1.5883121
-1.6581637,-1.5926989
-1.6581637,-1.6625478
-3.334576,-1.9953123
-3.334576,-2.2711778
-3.334576,-2.485462
-3.334576,-2.646332
-3.334576,-2.785586
-3.334576,-2.939236
-3.334576,-3.1315992
-3.334576,-3.3403761
-3.06134,-3.4116263
-3.06134,-3.5388625
-3.06134,-3.6813881
-3.06134,-3.7686665
-3.06134,-3.721423
-3.06134,-3.4801512
-3.06134,-3.2230465
-3.06134,-3.057164
-3.06134,-3.0589244
-2.6587245,-2.8014128
-2.6587245,-2.9034789
-2.6587245,-2.9850821
-2.6587245,-2.9715662
-2.6587245,-2.8249178
-2.6587245,-2.6739137
-2.6587245,-2.6151762
-2.6587245,-2.6595244
-2.1229386,-2.504566
-2.1229386,-2.5521142
-2.1229386,-2.5675497
-2.1229386,-2.5136435
-2.1229386,-2.3815815
-2.1229386,-2.299839
-2.1229386,-2.21337
-2.1229386,-2.1178534
-1.4485826,-1.8144943
-1.4485826,-1.7725053
-1.4485826,-1.8425469
-1.4485826,-1.9415675
-1.4485826,-1.9612455
-1.4485826,-1.8275987
-1.4485826,-1.6261357
-1.4485826,-1.4436811
-1.4485826,-1.4456713
-2.2071588,-1.1780926
-2.2071588,-1.3529485
-2.2071588,-1.6237606
-2.2071588,-1.9075873
-2.2071588,-2.165086
-2.2071588,-2.3161857
-2.2071588,-2.3130724
-2.2071588,-2.201842
-1.3569806,-1.8841006
-1.3569806,-1.7554823
-1.3569806,-1.5920391
-1.3569806,-1.5211017
-1.3569806,-1.4917483
-1.3569806,-1.4581391
-1.3569806,-1.3864884
-1.3569806,-1.3499814
0.453904,-1.3770767
0.453904,-1.3693792
0.453904,-1.2262757
0.453904,-0.9129306
0.453904,-0.38527834
0.453904,0.053140886
0.453904,0.3485597
0.453904,0.45766577
-0.24505454,0.19849384
-0.24505454,-0.074751675
-0.24505454,-0.2900486
-0.24505454,-0.4058827
-0.24505454,-0.39850205
-0.24505454,-0.37602234
-0.24505454,-0.3184032
-0.24505454,-0.24321154
0.9201034,-0.17362536
0.9201034,-0.10285184
0.9201034,0.02319283
0.9201034,0.2042617
0.9201034,0.43003848
0.9201034,0.59510607
0.9201034,0.7638695
0.9201034,0.9242152
0.789643,0.98358154
0.789643,1.0115145
0.789643,0.925847
0.789643,0.77247506
0.789643,0.64811784
0.789643,0.636107
0.789643,0.6985786
0.789643,0.7916743
0.789643,0.79259574
0.5871081,0.5307772
0.5871081,0.5719169
0.5871081,0.5798424
0.5871081,0.53024614
0.5871081,0.50089103
0.5871081,0.52313423
0.5871081,0.5609359
0.5871081,0.58857393
0.52848333,0.26977822
0.52848333,0.3213282
0.52848333,0.476553
0.52848333,0.5598212
0.52848333,0.5894818
0.52848333,0.5775859
0.52848333,0.54365593
-1.0616065,0.24490605
-1.0616065,0.14979525
-1.0616065,0.030531764
-1.0616065,-0.14699706
-1.0616065,-0.3881059
-1.0616065,-0.63798153
-1.0616065,-0.8768096
-1.0616065,-1.06715
-1.0616065,-1.0680746
-0.90935344,-1.4608653
-0.90935344,-1.4934058
-0.90935344,-1.3678058
-0.90935344,-1.1501178
-0.90935344,-0.9271698
-0.90935344,-0.83056825
-0.90935344,-0.8396907
-0.90935344,-0.91070586
-1.7926552,-0.9992791
-1.7926552,-1.0602022
-1.7926552,-1.143508
-1.7926552,-1.2504351
-1.7926552,-1.379162
-1.7926552,-1.5018185
-1.7926552,-1.6481518
-1.7926552,-1.7980543
-2.912516,-2.3057232
-2.912516,-2.596182
-2.912516,-2.847788
-2.912516,-3.0388596
-2.912516,-3.1315188
-2.912516,-3.089822
-2.912516,-2.9964445
-2.912516,-2.908817
-4.071857,-2.8567002
-4.071857,-3.0972476
-4.071857,-3.3867524
-4.071857,-3.5747252
-4.071857,-3.719387
-4.071857,-3.870545
-4.071857,-4.027299
-4.071857,-4.0856833
-5.6132708,-3.974578
-5.6132708,-4.163765
-5.6132708,-4.4280753
-5.6132708,-4.7129145
-5.6132708,-4.97365
-5.6132708,-5.209396
-5.6132708,-5.4328084
-5.6132708,-5.6184926
-5.4615703,-5.3598676
-5.4615703,-5.397116
-5.4615703,-5.5051255
-5.4615703,-5.636757
-5.4615703,-5.754876
-5.4615703,-5.724089
-5.4615703,-5.6021733
-5.4615703,-5.4577456
-5.4615703,-5.4570327
-4.4338393,-4.576138
-4.4338393,-4.35409
-4.4338393,-4.3023686
-4.4338393,-4.328012
-4.4338393,-4.348961
-4.4338393,-4.3958397
-4.4338393,-4.429372
-4.4338393,-4.4340677
-4.1920767,-4.2218175
-4.1920767,-4.268286
-4.1920767,-4.3130245
-4.1920767,-4.3118434
-4.1920767,-4.252054
-4.1920767,-4.2063227
-4.1920767,-4.186298
-4.1920767,-4.192119
-3.5797493,-4.2489834
-3.5797493,-4.3536024
-3.5797493,-4.3549533
-3.5797493,-4.249022
-3.5797493,-4.073359
-3.5797493,-3.9311728
-3.5797493,-3.7576282
-3.5797493,-3.573302
-3.5797493,-3.5750763
-1.843565,-2.9830055
-1.843565,-2.748777
-1.843565,-2.5971012
-1.843565,-2.4552271
-1.843565,-2.256474
-1.843565,-2.0894923
-1.843565,-1.9466721
-1.843565,-1.8407226
-1.0115615,-1.612647
-1.0115615,-1.4619582
-1.0115615,-1.3556944
-1.0115615,-1.2970662
-1.0115615,-1.2818075
-1.0115615,-1.2045312
-1.0115615,-1.1034796
-1.0115615,-1.0088586
-0.5598711,-1.2458135
-0.5598711,-1.2098082
-0.5598711,-1.1271334
-0.5598711,-1.0234267
-0.5598711,-0.9097262
-0.5598711,-0.7666946
-0.5598711,-0.6395298
-0.5598711,-0.55756223
-0.5598711,-0.55696476
0.024439065,-0.73006827
0.024439065,-0.65915483
0.024439065,-0.5002862
0.024439065,-0.3049663
0.024439065,-0.12959
0.024439065,-0.018240333
0.024439065,0.028738242
0.024439065,0.024518883
-1.5131696,-0.38426307
-1.5131696,-0.5093375
-1.5131696,-0.6278399
-1.5131696,-0.7733159
-1.5131696,-0.9635461
-1.5131696,-1.1485821
-1.5131696,-1.3481163
-1.5131696,-1.517645
-1.1769689,-1.7691195
-1.1769689,-1.6050962
-1.1769689,-1.3451054
-1.1769689,-1.1057116
-1.1769689,-0.99719936
-1.1769689,-1.0180153
-1.1769689,-1.0979431
-1.1769689,-1.1789505
-1.1769689,-1.1795553
-1.1769689,-1.1769689
-0.7095855,-1.3507192
-0.7095855,-1.2669157
-0.7095855,-1.1025892
-0.7095855,-0.9310615
-0.7095855,-0.82593715
-0.7095855,-0.7549697
-0.7095855,-0.7175991
-1.6351936,-0.9633742
-1.6351936,-1.1073701
-1.6351936,-1.2143031
-1.6351936,-1.2964467
-1.6351936,-1.378278
-1.6351936,-1.4571605
-1.6351936,-1.5482666
-1.6351936,-1.6376772
-1.6351936,-1.6380608
-3.2468913,-2.0621185
-3.2468913,-2.2070165
-3.2468913,-2.2284634
-3.2468913,-2.216344
-3.2468913,-2.3029933
-3.2468913,-2.5790465
-3.2468913,-2.9388983
-3.2468913,-3.2548997
-3.4784145,-3.3842444
-3.4784145,-3.4468515
-3.4784145,-3.5141914
-3.4784145,-3.5681057
-3.4784145,-3.5723655
-3.4784145,-3.5536635
-3.4784145,-3.5159645
-3.4784145,-3.4755712
-2.9595916,-3.1698656
-2.9595916,-2.9777155
-2.9595916,-2.7988815
-2.9595916,-2.664154
-2.9595916,-2.616103
-2.9595916,-2.6834602
-2.9595916,-2.8225775
-2.9595916,-2.9628851
-3.4820268,-2.9697704
-3.4820268,-3.0597842
-3.4820268,-3.1596162
-3.4820268,-3.2334805
-3.4820268,-3.2508144
-3.4820268,-3.30433
-3.4820268,-3.3884854
-3.4820268,-3.4851975
-3.4820268,-3.485046
-4.0197234,-3.5431716
-4.0197234,-3.552589
-4.0197234,-3.5878873
-4.0197234,-3.6663518
-4.0197234,-3.7877066
-4.0197234,-3.8796124
-4.0197234,-3.958266
-4.0197234,-4.0215206
-4.0681443,-3.93867
-4.0681443,-4.025937
-4.0681443,-4.091031
-4.0681443,-4.108171
-4.0681443,-4.077132
-4.0681443,-4.0538216
-4.0681443,-4.0521626
-4.0681443,-4.068602
-4.0681443,-4.0685544
-3.6729083,-3.839627
-3.6729083,-3.8479943
-3.6729083,-3.8808248
-3.6729083,-3.8930187
-3.6729083,-3.8536992
-3.6729083,-3.7985947
-3.6729083,-3.7317731
-3.6729083,-3.671222
-3.7659256,-3.533773
-3.7659256,-3.5116248
-3.7659256,-3.5308557
-3.7659256,-3.580455
-3.7659256,-3.6525311
-3.7659256,-3.6726956
-3.7659256,-3.7075753
-3.7659256,-3.7674563
-3.6143014,-3.8616226
-3.6143014,-3.904899
-3.6143014,-3.9252784
-3.6143014,-3.9144373
-3.6143014,-3.8589077
-3.6143014,-3.7886126
-3.6143014,-3.6982
-3.6143014,-3.6121404
-3.0997941,-3.4291265
-3.0997941,-3.3309934
-3.0997941,-3.2748165
-3.0997941,-3.2482169
-3.0997941,-3.2270434
-3.0997941,-3.1504467
-3.0997941,-3.1002967
-3.0997941,-3.0995681
-3.0997941,-3.0995429
-2.4255874,-3.244403
-2.4255874,-3.3053286
-2.4255874,-3.3408813
-2.4255874,-3.3230326
-2.4255874,-3.2051766
-2.4255874,-2.9716425
-2.4255874,-2.6810863
-2.4255874,-2.4034173
-2.8678257,-2.2513084
-2.8678257,-2.283217
-2.8678257,-2.4044206
-2.8678257,-2.5654123
-2.8678257,-2.6918373
-2.8678257,-2.795832
-2.8678257,-2.8536708
-2.8678257,-2.868454
-2.2228243,-2.8104331
-2.2228243,-2.7540243
-2.2228243,-2.6750062
-2.2228243,-2.571221
-2.2228243,-2.4516149
-2.2228243,-2.3543816
-2.2228243,-2.2762897
-2.2228243,-2.221218
-2.2228243,-2.220935
-2.4452941,-2.2011836
-2.4452941,-2.2821617
-2.4452941,-2.3766508
-2.4452941,-2.457858
-2.4452941,-2.5093195
-2.4452941,-2.540732
-2.4452941,-2.5157464
-2.4452941,-2.4437082
-2.6930318,-2.4928086
-2.6930318,-2.4960995
-2.6930318,-2.4890797
-2.6930318,-2.4854867
-2.6930318,-2.500997
-2.6930318,-2.5445755
-2.6930318,-2.6170576
-2.6930318,-2.694895
-3.432848,-2.8326507
-3.432848,-2.895681
-3.432848,-2.9585905
-3.432848,-3.045503
-3.432848,-3.1834304
-3.432848,-3.304717
-3.432848,-3.3902533
-3.432848,-3.4341967
-3.432848,-3.4344022
-2.3001318,-3.3930144
-2.3001318,-3.4302425
-2.3001318,-3.4393005
-2.3001318,-3.3691192
-2.3001318,-3.170268
-2.3001318,-2.8809679
-2.3001318,-2.5634065
-2.3001318,-2.292735
-2.3001318,-2.2913926
-1.6601249,-1.9146997
-1.6601249,-1.7877451
-1.6601249,-1.7348601
-1.6601249,-1.7214301
-1.6601249,-1.7105397
-1.6601249,-1.6725898
-1.6601249,-1.6518977
-1.6601249,-1.6602383
-2.3548946,-1.8403072
-2.3548946,-1.881498
-2.3548946,-1.902738
-2.3548946,-1.9295598
-2.3548946,-1.9864427
-2.3548946,-2.0768087
-2.3548946,-2.2127118
-2.3548946,-2.3595767
-3.1424453,-2.624758
-3.1424453,-2.6591432
-3.1424453,-2.700108
-3.1424453,-2.7791378
-3.1424453,-2.9030356
-3.1424453,-2.992555
-3.1424453,-3.0742626
-3.1424453,-3.1478083
-3.308596,-3.411201
-3.308596,-3.540852
-3.308596,-3.5642042
-3.308596,-3.5157235
-3.308596,-3.4625988
-3.308596,-3.4155748
-3.308596,-3.3597455
-3.308596,-3.3072822
-4.170975,-3.1423798
-4.170975,-3.13408
-4.170975,-3.2012084
-4.170975,-3.3116064
-4.170975,-3.4226985
-4.170975,-3.6494315
-4.170975,-3.9211402
-4.170975,-4.1769934
-4.170975,-4.1740894
-3.9119542,-4.355249
-3.9119542,-4.299253
-3.9119542,-4.1795983
-3.9119542,-4.0434003
-3.9119542,-3.9409037
-3.9119542,-3.8739269
-3.9119542,-3.8684886
-3.9119542,-3.9139593
-3.838302,-3.83297
-3.838302,-3.8775923
-3.838302,-3.876132
-3.838302,-3.835999
-3.838302,-3.8050065
-3.838302,-3.8313236
-3.838302,-3.8496559
-3.838302,-3.8380892
-3.557837,-3.7388525
-3.557837,-3.8273735
-3.557837,-3.9571097
-3.557837,-4.043137
-3.557837,-3.986631
-3.557837,-3.8309317
-3.557837,-3.667075
-3.557837,-3.552994
-3.557837,-3.5539923
-4.1888213,-3.4388957
-4.1888213,-3.4203186
-4.1888213,-3.430506
-4.1888213,-3.4946022
-4.1888213,-3.6576285
-4.1888213,-3.8873048
-4.1888213,-4.0851073
-4.1888213,-4.191698
-3.759118,-4.127927
-3.759118,-4.015095
-3.759118,-3.9340622
-3.759118,-3.8891907
-3.759118,-3.8551407
-3.759118,-3.8238492
-3.759118,-3.78971
-3.759118,-3.758375
-1.574709,-3.345281
-1.574709,-3.112654
-1.574709,-2.8408778
-1.574709,-2.5215886
-1.574709,-2.1473835
-1.574709,-1.7961314
-1.574709,-1.6008424
-1.574709,-1.5730001
-1.574709,-1.5729474
-2.2616704,-1.9322891
-2.2616704,-2.2590199
-2.2616704,-2.4582045
-2.2616704,-2.5377378
-2.2616704,-2.5500078
-2.2616704,-2.4917707
-2.2616704,-2.379951
-2.2616704,-2.2585135
-1.1342187,-2.2609348
-1.1342187,-2.0606825
-1.1342187,-1.8259193
-1.1342187,-1.6010998
-1.1342187,-1.3983637
-1.1342187,-1.1626397
-1.1342187,-1.0600225
-1.1342187,-1.1346369
-1.1390721,-1.2209911
-1.1390721,-1.1970867
-1.1390721,-1.2195425
-1.1390721,-1.3010541
-1.1390721,-1.4262394
-1.1390721,-1.4429048
-1.1390721,-1.3273569
-1.1390721,-1.1333202
-1.1390721,-1.1332322
-1.4908465,-1.2269943
-1.4908465,-1.2611587
-1.4908465,-1.3424122
-1.4908465,-1.4281217
-1.4908465,-1.4370122
-1.4908465,-1.4123614
-1.4908465,-1.4275278
-1.4908465,-1.4922853
-2.782543,-1.8890035
-2.782543,-2.0008082
-2.782543,-2.1120389
-2.782543,-2.2770839
-2.782543,-2.5639808
-2.782543,-2.7788734
-2.782543,-2.8500493
-2.782543,-2.781942
-2.1289313,-2.5851185
-2.1289313,-2.3586805
-2.1289313,-2.0621066
-2.1289313,-1.7802616
-2.1289313,-1.6059433
-2.1289313,-1.666553
-2.1289313,-1.8818635
-2.1289313,-2.136287
-2.1289313,-2.135897
-1.515137,-2.2703362
-1.515137,-2.1930945
-1.515137,-2.0278318
-1.515137,-1.8134347
-1.515137,-1.5978578
-1.515137,-1.4591438
-1.515137,-1.4390358
-1.515137,-1.5165194
-1.515137,-1.5168712
-3.5319169,-1.7768087
-3.5319169,-2.053715
-3.5319169,-2.3635263
-3.5319169,-2.6751604
-3.5319169,-2.961397
-3.5319169,-3.2348042
-3.5319169,-3.4362602
-3.5319169,-3.5352087
-2.8011897,-3.1065671
-2.8011897,-2.5222414
-2.8011897,-1.9538949
-2.8011897,-1.6067559
-2.8011897,-1.682346
-2.8011897,-2.0526333
-2.8011897,-2.49092
-2.8011897,-2.8095462
-2.2503812,-2.6613872
-2.2503812,-2.3864815
-2.2503812,-2.163681
-2.2503812,-2.0443215
-2.2503812,-2.0414805
-2.2503812,-2.1160433
-2.2503812,-2.2004302
-2.2503812,-2.2517762
-3.1457303,-2.4369853
-3.1457303,-2.6490474
-3.1457303,-2.7949302
-3.1457303,-2.8816102
-3.1457303,-2.9644709
-3.1457303,-3.1019258
-3.1457303,-3.1721253
-3.1457303,-3.1454341
-3.5593612,-2.913943
-3.5593612,-2.654186
-3.5593612,-2.4963179
-3.5593612,-2.5534585
-3.5593612,-2.941326
-3.5593612,-3.3154895
-3.5593612,-3.522595
-3.5593612,-3.561047
-3.5593612,-3.5614822
-1.7783768,-3.2494633
-1.7783768,-2.986642
-1.7783768,-2.6657286
-1.7783768,-2.3102696
-1.7783768,-1.9748378
-1.7783768,-1.8422699
-1.7783768,-1.7970102
-1.7783768,-1.7776542
-2.0108933,-1.703095
-2.0108933,-1.8687434
-2.0108933,-2.1028035
-2.0108933,-2.3334486
-2.0108933,-2.4816432
-2.0108933,-2.5039887
-2.0108933,-2.3197937
-2.0108933,-2.00264
-2.1761522,-1.6268753
-2.1761522,-1.2012501
-2.1761522,-0.8035368
-2.1761522,-0.55292517
-2.1761522,-0.59688824
-2.1761522,-0.97263974
-2.1761522,-1.5768793
-2.1761522,-2.1927936
-2.1761522,-2.1960585
-2.1761522,-2.1761522
-2.0366187,-2.7570925
-2.0366187,-2.7475817
-2.0366187,-2.527378
-2.0366187,-2.241416
-2.0366187,-2.0752792
-2.0366187,-2.0331151
-2.0366187,-2.0343726
-1.0784569,-1.9682717
-1.0784569,-1.9770167
-1.0784569,-1.8499076
-1.0784569,-1.568572
-1.0784569,-1.15385
-1.0784569,-0.9408812
-1.0784569,-0.93740135
-1.0784569,-1.081234
-1.1750588,-1.2410247
-1.1750588,-1.1028744
-1.1750588,-0.8305589
-1.1750588,-0.5265899
-1.1750588,-0.3140001
-1.1750588,-0.38479137
-1.1750588,-0.72638434
-1.1750588,-1.1897248
-1.1750588,-1.1894921
-1.8247689,-1.6229044
-1.8247689,-1.4905663
-1.8247689,-1.1883533
-1.8247689,-0.8871984
-1.8247689,-0.78255576
-1.8247689,-0.89929616
-1.8247689,-1.2982389
-1.8247689,-1.8398925
-2.0356574,-3.1517353
-2.0356574,-4.3815355
-2.0356574,-5.3833723
-2.0356574,-5.8442135
-2.0356574,-5.3938527
-2.0356574,-4.3975363
-2.0356574,-3.1330132
-2.0356574,-2.0037405
-2.8034403,-0.9325106
-2.8034403,-0.6984824
-2.8034403,-0.91846275
-2.8034403,-1.4364383
-2.8034403,-2.0285225
-2.8034403,-2.4441793
-2.8034403,-2.697521
-2.8034403,-2.8070388
-2.8034403,-2.807841
-2.49969,-2.9001017
-2.49969,-2.7910922
-2.49969,-2.625175
-2.49969,-2.472076
-2.49969,-2.3972733
-2.49969,-2.3748152
-2.49969,-2.4181871
-2.49969,-2.5017238
-1.6799929,-2.830862
-1.6799929,-3.1054265
-1.6799929,-3.3220751
-1.6799929,-3.4043293
-1.6799929,-3.2705374
-1.6799929,-2.8915427
-1.6799929,-2.2833142
-1.6799929,-1.6630898
-0.12810242,-0.56900644
-0.12810242,0.08571268
-0.12810242,0.5069116
-0.12810242,0.6701951
-0.12810242,0.60766864
-0.12810242,0.46535227
-0.12810242,0.192883
-0.12810242,-0.13515504
-1.8040037,-0.84730554
-1.8040037,-1.2151136
-1.8040037,-1.4751785
-1.8040037,-1.6490093
-1.8040037,-1.8045769
-1.8040037,-1.8836809
-1.8040037,-1.8731898
-1.8040037,-1.8024182
-1.8040037,-1.8020383
-2.951629,-1.9228176
-2.951629,-1.9823073
-2.951629,-2.113768
-2.951629,-2.3169208
-2.951629,-2.56252
-2.951629,-2.7412238
-2.951629,-2.8672795
-2.951629,-2.9542446
-4.112761,-3.117753
-4.112761,-3.2218153
-4.112761,-3.347413
-4.112761,-3.498009
-4.112761,-3.6661398
-4.112761,-3.8258793
-4.112761,-3.983191
-4.112761,-4.1162915
-4.112761,-4.117238
-4.112761,-4.112761
-4.303467,-4.1431394
-4.303467,-4.220664
-4.303467,-4.305127
-4.303467,-4.3789496
-4.303467,-4.417766
-4.303467,-4.4086437
-4.303467,-4.361992
-3.8715267,-3.9085653
-3.8715267,-3.7940266
-3.8715267,-3.7039735
-3.8715267,-3.610923
-3.8715267,-3.500354
-3.8715267,-3.5216653
-3.8715267,-3.668488
-3.8715267,-3.8752713
-1.5002866,-3.6296835
-1.5002866,-3.3472676
-1.5002866,-3.0036368
-1.5002866,-2.6271493
-1.5002866,-2.2350736
-1.5002866,-1.9147623
-1.5002866,-1.661434
-1.5002866,-1.4959091
-1.5002866,-1.4943595
-1.0449183,-1.4603398
-1.0449183,-1.4793729
-1.0449183,-1.5268728
-1.0449183,-1.5168144
-1.0449183,-1.328319
-1.0449183,-1.1046597
-1.0449183,-1.001159
-1.0449183,-1.0455168
-1.2945929,-1.5868131
-1.2945929,-1.7613577
-1.2945929,-1.7362578
-1.2945929,-1.5770141
-1.2945929,-1.3993311
-1.2945929,-1.2798363
-1.2945929,-1.250774
-1.2945929,-1.2955104
-2.623852,-1.557257
-2.623852,-1.7396129
-2.623852,-1.9330169
-2.623852,-2.1199992
-2.623852,-2.262519
-2.623852,-2.393343
-2.623852,-2.5191436
-2.623852,-2.6265361
-2.623852,-2.6275682
-1.6268973,-2.6479309
-1.6268973,-2.5285838
-1.6268973,-2.3561518
-1.6268973,-2.1520762
-1.6268973,-1.9264915
-1.6268973,-1.7375053
-1.6268973,-1.6352003
-1.6268973,-1.6262996
-1.8774841,-1.4658706
-1.8774841,-1.36701
-1.8774841,-1.3447701
-1.8774841,-1.4025049
-1.8774841,-1.5245448
-1.8774841,-1.6483052
-1.8774841,-1.7749529
-1.8774841,-1.8800962
-2.569445,-2.1520941
-2.569445,-2.2718458
-2.569445,-2.364496
-2.569445,-2.4401796
-2.569445,-2.5069287
-2.569445,-2.5780635
-2.569445,-2.5977285
-2.569445,-2.5689359
-2.569445,-2.5687168
-2.569445,-2.569445
-1.3011833,-2.504431
-1.3011833,-2.3424873
-1.3011833,-2.0882156
-1.3011833,-1.7954841
-1.3011833,-1.5355256
-1.3011833,-1.368231
-1.3011833,-1.296353
-3.1357055,-1.3931785
-3.1357055,-1.4937396
-3.1357055,-1.654548
-3.1357055,-1.8750066
-3.1357055,-2.1320205
-3.1357055,-2.4495301
-3.1357055,-2.810928
-3.1357055,-3.1428263
-3.851333,-3.7367396
-3.851333,-3.9743595
-3.851333,-4.1168833
-3.851333,-4.1836457
-3.851333,-4.1776395
-3.851333,-4.1036897
-3.851333,-3.980231
-3.851333,-3.8465614
-3.851333,-3.847026
-2.446143,-3.3661857
-2.446143,-3.0595417
-2.446143,-2.7846458
-2.446143,-2.5278156
-2.446143,-2.2750068
-2.446143,-2.1392798
-2.446143,-2.2154262
-2.446143,-2.4512029
-3.2369888,-3.0271235
-3.2369888,-3.3707561
-3.2369888,-3.6583564
-3.2369888,-3.860381
-3.2369888,-3.941249
-3.2369888,-3.8195124
-3.2369888,-3.5442934
-3.2369888,-3.230883
0.7557991,-2.8699563
0.7557991,-2.2052135
0.7557991,-1.4943446
0.7557991,-0.8235639
0.7557991,-0.19342035
0.7557991,0.3093577
0.7557991,0.6333783
0.7557991,0.7607396
0.7557991,0.76098245
-4.740457,-0.029086314
-4.740457,-0.9771899
-4.740457,-1.981207
-4.740457,-2.8933744
-4.740457,-3.537901
-4.740457,-3.992801
-4.740457,-4.3958974
-4.740457,-4.7500963
-7.4186316,-5.8200502
-7.4186316,-6.451536
-7.4186316,-6.9797153
-7.4186316,-7.4094925
-7.4186316,-7.704052
-7.4186316,-7.8276863
-7.4186316,-7.7015166
-7.4186316,-7.41108
-5.2984476,-6.2712474
-5.2984476,-5.780223
-5.2984476,-5.4975457
-5.2984476,-5.36704
-5.2984476,-5.3302135
-5.2984476,-5.2639823
-5.2984476,-5.2507463
-5.2984476,-5.299552
-5.2984476,-5.2997136
-8.853158,-5.323378
-8.853158,-5.7483616
-8.853158,-6.3667088
-8.853158,-7.068942
-8.853158,-7.750703
-8.853158,-8.289391
-8.853158,-8.664436
-8.853158,-8.85914
-8.8487,-8.984994
-8.8487,-8.98326
-8.8487,-8.965746
-8.8487,-8.953934
-8.8487,-8.959409
-8.8487,-8.941405
-8.8487,-8.899549
-8.8487,-8.847833
-7.924534,-8.267979
-7.924534,-8.120403
-7.924534,-8.057297
-7.924534,-8.029321
-7.924534,-8.002504
-7.924534,-7.9615064
-7.924534,-7.9328437
-7.924534,-7.9242525
-7.924534,-7.9241457
-7.267065,-7.126181
-7.267065,-7.131591
-7.267065,-7.3476954
-7.267065,-7.6415462
-7.267065,-7.882958
-7.267065,-7.8273125
-7.267065,-7.5735345
-7.267065,-7.258159
-5.2115874,-6.4918723
-5.2115874,-6.1712403
-5.2115874,-5.954614
-5.2115874,-5.7643104
-5.2115874,-5.563137
-5.2115874,-5.3697953
-5.2115874,-5.2471375
-5.2115874,-5.2101183
-5.1946235,-4.955833
-5.1946235,-5.0072193
-5.1946235,-5.096434
-5.1946235,-5.1480207
-5.1946235,-5.1011953
-5.1946235,-5.2009816
-5.1946235,-5.2494473
-5.1946235,-5.1934958
-3.467652,-4.835039
-3.467652,-4.635966
-3.467652,-4.4055724
-3.467652,-4.181769
-3.467652,-4.059772
-3.467652,-3.9707148
-3.467652,-3.8184116
-3.467652,-3.4944625
-3.467652,-3.456908
-1.3937467,-3.2689238
-1.3937467,-2.9077282
-1.3937467,-2.5416498
-1.3937467,-2.2133772
-1.3937467,-1.9231526
-1.3937467,-1.6972826
-1.3937467,-1.5172321
-1.3937467,-1.389868
-1.3937467,-1.3894389
-0.6215353,-1.589225
-0.6215353,-1.5585935
-0.6215353,-1.464936
-0.6215353,-1.3423247
-0.6215353,-1.2220429
-0.6215353,-1.0571594
-0.6215353,-0.8383041
0.8118896,-0.7274538
0.8118896,-0.53145605
0.8118896,-0.2574679
0.8118896,0.030933825
0.8118896,0.2832108
0.8118896,0.48137948
0.8118896,0.6649141
0.8118896,0.81580466
0.8118896,0.81654805
1.3908006,0.42837033
1.3908006,0.50916016
1.3908006,0.709597
1.3908006,0.9523032
1.3908006,1.1671065
1.3908006,1.2866809
1.3908006,1.3535047
1.3908006,1.3923845
1.3908006,1.3922293
-0.29408708,0.59360844
-0.29408708,0.49459046
-0.29408708,0.46526235
-0.29408708,0.40584734
-0.29408708,0.26725835
-0.29408708,0.033498876
-0.29408708,-0.17816392
-0.29408708,-0.29756293
-1.8000911,-0.5145526
-1.8000911,-0.56942326
-1.8000911,-0.6483944
-1.8000911,-0.79084015
-1.8000911,-1.0252395
-1.8000911,-1.2798169
-1.8000911,-1.5581445
-1.8000911,-1.8061388
-2.9526467,-2.3539474
-2.9526467,-2.5234828
-2.9526467,-2.6166527
-2.9526467,-2.6704724
-2.9526467,-2.7079575
-2.9526467,-2.787188
-2.9526467,-2.8791754
-2.9526467,-2.9546394
-4.756989,-3.3303416
-4.756989,-3.445493
-4.756989,-3.5927474
-4.756989,-3.803831
-4.756989,-4.0860853
-4.756989,-4.350585
-4.756989,-4.5888844
-4.756989,-4.761927
-4.756989,-4.762908
-7.3674583,-4.860348
-7.3674583,-5.302735
-7.3674583,-5.7778106
-7.3674583,-6.2091146
-7.3674583,-6.5372367
-7.3674583,-6.8422394
-7.3674583,-7.137999
-7.3674583,-7.374431
-7.752621,-6.925684
-7.752621,-7.0389733
-7.752621,-7.2668395
-7.752621,-7.494281
-7.752621,-7.612058
-7.752621,-7.6656666
-7.752621,-7.707106
-7.752621,-7.7541943
-6.9723024,-7.0157285
-6.9723024,-6.846603
-6.9723024,-6.8123
-6.9723024,-6.8625646
-6.9723024,-6.972685
-6.9723024,-7.018188
-6.9723024,-7.009889
-6.9723024,-6.9714212
-6.9723024,-6.9714003
-7.1493583,-6.6359415
-7.1493583,-6.644963
-7.1493583,-6.750121
-7.1493583,-6.891638
-7.1493583,-6.99255
-7.1493583,-7.0700545
-7.1493583,-7.12212
-7.1493583,-7.151192
-6.439928,-6.725509
-6.439928,-6.675048
